Date,Linalg norm
2020/05/17/20/57/30,0.4556927332969711
2020/05/17/20/57/31,0.42445570710341657
2020/05/17/20/57/31,0.4221706355594169
2020/05/17/20/57/31,0.4042258609184522
2020/05/17/20/57/32,0.42522247495149706
2020/05/17/20/57/32,0.4040080376403739
2020/05/17/20/57/33,0.3722098794836324
2020/05/17/20/57/33,0.4274680118752911
2020/05/17/20/57/34,0.4458751655898153
2020/05/17/20/57/34,0.4182127760585188
2020/05/17/20/57/35,0.3950036142196977
2020/05/17/20/57/35,0.3717978202859722
2020/05/17/20/57/36,0.3629079466027008
2020/05/17/20/57/36,0.5837713628721128
2020/05/17/20/57/37,0.3924749958306534
2020/05/18/11/14/57,0.4300216739338355
2020/05/18/11/14/58,0.3988130845488424
2020/05/18/11/14/59,0.4240897243686474
2020/05/18/11/14/59,0.37284946756100135
2020/05/18/11/15/02,0.35679353023173416
2020/05/18/11/15/05,0.3625183113711277
2020/05/18/11/15/05,0.4016036883515494
2020/05/18/11/15/05,0.4300318443304727
2020/05/18/11/15/06,0.4163736059359149
2020/05/18/11/15/06,0.4131689550970169
2020/05/18/11/15/07,0.4077139856317622
2020/05/18/11/15/07,0.42088933685623015
2020/05/18/11/15/08,0.4270233196214279
2020/05/18/11/15/08,0.4154840723630257
2020/05/18/11/15/09,0.426791826516314
2020/05/18/11/15/09,0.424306847294026
2020/05/18/11/15/10,0.4109900522765403
2020/05/18/11/15/10,0.3945734520862581
2020/05/18/11/15/11,0.40909356696321997
2020/05/18/11/25/37,0.42440188484996977
2020/05/18/11/25/55,0.4347901584041345
2020/05/18/11/28/14,0.41591987412400655
2020/05/18/11/28/14,0.4030228285558923
2020/05/18/11/28/15,0.42899518224836586
2020/05/18/11/28/16,0.420981479459119
2020/05/18/11/28/16,0.4617237561468975
2020/05/18/11/28/21,0.4022770013916677
2020/05/18/11/28/22,0.3701281549354348
2020/05/18/11/28/22,0.3930019918933642
2020/05/18/11/28/23,0.3649471505160399
2020/05/18/11/28/23,0.3779754063945317
2020/05/18/11/28/24,0.36529529047855935
2020/05/18/11/28/29,0.37709929939563797
2020/05/18/11/28/29,0.3756591163250114
2020/05/18/11/28/30,0.3550498106115673
2020/05/18/11/28/30,0.313639411196404
2020/05/18/11/28/31,0.3371140034983285
2020/05/18/11/28/32,0.31715377328826433
2020/05/18/11/28/32,0.33362509167681137
2020/05/18/11/57/35,0.4645580771896544
2020/05/18/12/07/47,0.4516726336320534
2020/05/18/12/08/44,0.4860511368269897
2020/05/18/12/09/22,0.4120998148303505
2020/05/18/12/09/23,0.43255773440271067
2020/05/18/12/09/23,0.4554058412013574
2020/05/18/12/09/24,0.4333380639463069
2020/05/18/12/09/25,0.4569505055095565
2020/05/18/12/09/25,0.4242611562742434
2020/05/18/12/09/26,0.4431503971544729
2020/05/18/12/09/27,0.4319459289970132
2020/05/18/12/09/28,0.4032149614399615
2020/05/18/12/09/29,0.3975602991328426
2020/05/18/12/09/30,0.37097258291179297
2020/05/18/12/09/30,0.3875697561421044
2020/05/18/12/09/31,0.3965005279317863
2020/05/18/12/09/32,0.3852369180756608
2020/05/18/12/09/33,0.4627071079862313
2020/05/18/12/09/33,0.3964681055763054
2020/05/18/12/09/34,0.3907094928535153
2020/05/18/12/09/35,0.4429644034735303
2020/05/18/12/09/36,0.3819991074076888
2020/05/18/12/09/36,0.3921130038709198
2020/05/18/12/09/37,0.3690070349771005
2020/05/18/12/09/38,0.3686351299566334
2020/05/18/12/09/39,0.3817219911729516
2020/05/18/12/09/39,0.3743558635729394
2020/05/18/12/09/40,0.37727437806663067
2020/05/18/12/09/41,0.3862149182602445
2020/05/18/12/09/42,0.3889125786022121
2020/05/18/12/09/42,0.4627520462881714
2020/05/18/12/09/43,0.4692749184684653
2020/05/18/12/09/44,0.3985913840919017
2020/05/18/12/09/44,0.3989446290574749
2020/05/18/12/09/45,0.4078842054661061
2020/05/18/12/09/46,0.4105794659180263
2020/05/18/12/09/47,0.3890159722634213
2020/05/18/12/09/47,0.3788166453094095
2020/05/18/12/09/48,0.3993055090740888
2020/05/18/12/09/49,0.3816877614202111
2020/05/18/12/13/17,0.4107857990920311
2020/05/18/12/13/55,0.42865377561227375
2020/05/18/12/13/55,0.3574161985123285
2020/05/18/12/13/56,0.3806972723342441
2020/05/18/12/13/56,0.3760339495622961
2020/05/18/12/13/57,0.35802907409977225
2020/05/18/12/13/57,0.3838499545535175
2020/05/18/12/13/58,0.3951110286766817
2020/05/18/12/14/03,0.3936155079876727
2020/05/18/12/14/04,0.3695920311903221
2020/05/18/12/14/04,0.36744982825581335
2020/05/18/12/14/06,0.3744391758099426
2020/05/18/12/14/06,0.3648141249231806
2020/05/18/12/14/07,0.356416284003366
2020/05/18/12/14/07,0.3751984684575258
2020/05/18/12/14/08,0.3770111790352113
2020/05/18/12/14/08,0.3878629248676875
2020/05/18/12/14/09,0.3774864232737219
2020/05/18/12/14/10,0.3673511610870919
2020/05/18/12/14/12,0.3428862414839766
2020/05/18/12/14/14,0.4837424706594943
2020/05/18/12/14/17,0.4108134593860221
2020/05/18/12/14/17,0.3931148259186348
2020/05/18/12/14/18,0.3740987645134216
2020/05/18/12/14/19,0.3684174530443529
2020/05/18/12/14/22,0.3521988133084429
2020/05/18/12/14/23,0.36590840103510935
2020/05/18/12/14/24,0.3389348217175391
2020/05/18/12/14/25,0.3540344006862257
2020/05/18/12/14/25,0.35782531929435824
2020/05/18/12/14/26,0.3991635080293978
2020/05/18/12/14/26,0.3838130767458222
2020/05/18/12/14/27,0.3985228779801563
2020/05/18/12/14/27,0.37069729187783296
2020/05/18/12/14/28,0.3852054562560197
2020/05/18/12/14/28,0.3822049393668157
2020/05/18/12/14/29,0.3771793257318257
2020/05/18/12/14/29,0.40329265627761135
2020/05/18/12/14/30,0.41037225230723134
2020/05/18/12/14/30,0.38313679264415496
2020/05/18/12/14/30,0.3934006706691355
2020/05/18/12/14/31,0.3905472571408132
2020/05/18/12/14/31,0.3838190672146713
2020/05/18/12/14/33,0.4728002999308764
2020/05/18/12/14/34,0.4026757930606064
2020/05/18/12/14/34,0.37026447542364427
2020/05/18/12/14/34,0.38172968293820736
2020/05/18/12/14/35,0.3821278526484215
2020/05/18/12/14/35,0.3703604585121051
2020/05/18/12/14/36,0.3719560887594484
2020/05/18/12/14/36,0.37489554589280816
2020/05/18/12/14/37,0.3725782168475471
2020/05/18/12/14/37,0.3584869938829628
2020/05/18/12/14/38,0.3708295308088594
2020/05/18/12/14/38,0.3764476815307094
2020/05/18/12/14/39,0.3686461424378119
2020/05/18/12/14/40,0.424623857773661
2020/05/18/12/14/40,0.4341711254344249
2020/05/18/12/14/41,0.3837165189330318
2020/05/18/12/14/41,0.3764730297425985
2020/05/18/12/14/42,0.3864036568332813
2020/05/18/12/14/42,0.36638275776033336
2020/05/18/12/14/43,0.3932574575436559
2020/05/18/12/14/43,0.3797010388693498
2020/05/18/12/14/44,0.3672529737644146
2020/05/18/12/14/44,0.371640164540449
2020/05/18/12/14/44,0.3868213404388396
2020/05/18/12/14/45,0.36726254907790495
2020/05/18/12/14/45,0.3961127855571085
2020/05/18/12/14/46,0.3786501772589261
2020/05/18/12/14/46,0.381387354166625
2020/05/18/12/14/47,0.3815535366696413
2020/05/18/12/14/47,0.370483231467988
2020/05/18/12/14/48,0.39168079679845547
2020/05/18/12/14/48,0.369158642636761
2020/05/18/12/14/49,0.4572212461499569
2020/05/18/12/14/49,0.4266607134003081
2020/05/18/12/14/50,0.41332029480438254
2020/05/18/12/14/51,0.37649083973239306
2020/05/18/12/14/51,0.4659433905945426
2020/05/18/12/15/19,0.5113225327752223
2020/05/18/12/15/19,0.5004422870773689
2020/05/18/12/15/20,0.4710694780619972
2020/05/18/12/15/20,0.4521440247674075
2020/05/18/12/15/21,0.4282994969658035
2020/05/18/12/15/21,0.4433081257261688
2020/05/18/12/15/22,0.4211246921207492
2020/05/18/12/15/22,0.4026643927164073
2020/05/18/12/15/23,0.4057826600398917
2020/05/18/12/15/23,0.4224775504827338
2020/05/18/12/15/24,0.4216561080189925
2020/05/18/12/15/24,0.397283013810319
2020/05/18/12/15/25,0.4031625250652927
2020/05/18/12/15/25,0.40850001216189935
2020/05/18/12/15/26,0.3856111826836485
2020/05/18/12/15/26,0.39612417418021134
2020/05/18/12/15/27,0.4115989736741844
2020/05/18/12/15/27,0.4022065541416841
2020/05/18/12/15/28,0.3930157270955359
2020/05/18/12/15/28,0.3939235660740026
2020/05/18/12/15/29,0.3907274008782877
2020/05/18/12/15/29,0.3999274527763125
2020/05/18/12/15/30,0.4135853672970461
2020/05/18/12/15/30,0.4055546836742059
2020/05/18/12/15/31,0.4149457493435279
2020/05/18/12/15/31,0.3986827058781871
2020/05/18/12/15/32,0.3795772507233139
2020/05/18/12/15/32,0.39906655690307297
2020/05/18/12/15/33,0.4170862190960941
2020/05/18/12/15/33,0.4131155819751991
2020/05/18/12/15/33,0.4069201619728538
2020/05/18/12/15/34,0.4152995615411997
2020/05/18/12/15/34,0.39436046591103774
2020/05/18/12/15/35,0.4195538793765153
2020/05/18/12/15/35,0.3996350562434978
2020/05/18/12/15/36,0.40163791644275376
2020/05/18/12/15/36,0.4049135841932412
2020/05/18/12/15/37,0.3877753474752149
2020/05/18/12/15/37,0.3904878812527306
2020/05/18/12/15/38,0.38850877780464377
2020/05/18/12/15/38,0.4253341404663232
2020/05/18/12/15/39,0.3975761348995001
2020/05/18/12/15/39,0.3998862739866809
2020/05/18/12/15/40,0.4220036573544434
2020/05/18/12/15/40,0.4258803378151879
2020/05/18/12/15/41,0.4298166496693777
2020/05/18/12/15/41,0.400536352159278
2020/05/18/12/15/42,0.4327964427939776
2020/05/18/12/15/42,0.3926381412840447
2020/05/18/12/15/42,0.3973638552590528
2020/05/18/12/15/43,0.4146712627653412
2020/05/18/12/15/43,0.39946796549729374
2020/05/18/12/15/44,0.3964281885286605
2020/05/18/12/15/44,0.3863154903729361
2020/05/18/12/15/45,0.3966285451451084
2020/05/18/12/15/45,0.4176444685504507
2020/05/18/12/15/46,0.4016865913610199
2020/05/18/12/15/46,0.39617454979177774
2020/05/18/12/15/47,0.4028741474974484
2020/05/18/12/15/47,0.4007883082535145
2020/05/18/12/15/48,0.4212019781910232
2020/05/18/12/15/48,0.3854574404181277
2020/05/18/12/15/48,0.4092291629626551
2020/05/18/12/15/49,0.3895971520844957
2020/05/18/12/15/49,0.3897570684724009
2020/05/18/12/15/50,0.3847892299876351
2020/05/18/12/15/51,0.4081669218056879
2020/05/18/12/15/55,0.5020751671845164
2020/05/18/12/15/55,0.4374380824202713
2020/05/18/12/15/56,0.43361792486393336
2020/05/18/12/16/27,0.4228737807605644
2020/05/18/12/16/28,0.4357236456529656
2020/05/18/12/16/28,0.4610334573790839
2020/05/18/12/16/29,0.4559370954654774
2020/05/18/12/16/29,0.4354400653085848
2020/05/18/12/16/35,0.4513556438715156
2020/05/18/12/16/36,0.4682800552877373
2020/05/18/12/16/39,0.4443999897952482
2020/05/18/12/16/40,0.4750031501134024
2020/05/18/12/16/40,0.4580876906892345
2020/05/18/12/16/41,0.4496128737739912
2020/05/18/12/16/41,0.427986325206788
2020/05/18/12/16/42,0.4280395316869986
2020/05/18/12/16/42,0.4164158320516296
2020/05/18/12/16/43,0.4390743025844941
2020/05/18/12/16/43,0.4652570194208574
2020/05/18/12/16/48,0.494947617057062
2020/05/18/12/16/49,0.4985668074386133
2020/05/18/12/17/47,0.476999705304991
2020/05/18/12/17/47,0.4332566943309102
2020/05/18/12/17/48,0.4827980141152929
2020/05/18/12/17/55,0.3964912665924168
2020/05/18/12/17/55,0.438085033924767
2020/05/18/12/17/56,0.4817284998004413
2020/05/18/12/18/01,0.6105465891057151
2020/05/18/12/18/02,0.5974330263157382
2020/05/18/12/18/02,0.525021843267071
2020/05/18/12/18/03,0.5929724739856885
2020/05/18/12/18/03,0.5485385361668544
2020/05/18/12/18/04,0.5693554043527613
2020/05/18/12/18/10,0.4607765241498849
2020/05/18/12/18/11,0.4807439455760816
2020/05/18/12/18/12,0.5204802975583714
2020/05/18/12/18/14,0.4300719817129
2020/05/18/12/18/16,0.4527661198018118
2020/05/18/12/18/16,0.4754207069666016
2020/05/18/12/18/17,0.44612777275642734
2020/05/18/12/18/17,0.471780509055344
2020/05/18/12/18/17,0.455857593540313
2020/05/18/12/18/18,0.4758455299465553
2020/05/18/12/18/18,0.4915804910269108
2020/05/18/12/18/21,0.457486812311309
2020/05/18/12/19/04,0.4041726338104216
2020/05/18/12/19/05,0.4119030229263661
2020/05/18/12/19/05,0.3800751334094766
2020/05/18/12/19/06,0.4277964751906171
2020/05/18/12/19/06,0.4923766273492428
2020/05/18/12/19/12,0.42481959433995703
2020/05/18/12/19/12,0.4308574941523575
2020/05/18/12/19/13,0.42830042642163657
2020/05/18/12/19/14,0.4467463487517728
2020/05/18/12/19/14,0.43028363832762
2020/05/18/12/19/15,0.43188979278223344
2020/05/18/12/19/15,0.4215374239417555
2020/05/18/12/19/16,0.451511186608959
2020/05/18/12/19/17,0.4358129778803588
2020/05/18/12/19/17,0.438126735700717
2020/05/18/12/19/18,0.4420606175074659
2020/05/18/12/19/18,0.43110121618186825
2020/05/18/12/19/19,0.4336630358219129
2020/05/18/12/19/20,0.4290899773193556
2020/05/18/12/19/20,0.4466021051024748
2020/05/18/12/19/21,0.4415054176313145
2020/05/18/12/19/21,0.420994623548916
2020/05/18/12/19/23,0.42264122156880907
2020/05/18/12/19/24,0.4514437661255382
2020/05/18/12/19/25,0.4408066580028953
2020/05/18/12/19/25,0.4315316635635095
2020/05/18/12/19/26,0.39924547924648185
2020/05/18/12/19/26,0.3902822601158355
2020/05/18/12/19/27,0.4023284768978531
2020/05/18/12/19/28,0.4069717249965894
2020/05/18/12/19/28,0.3986056235211968
2020/05/18/12/19/29,0.40434664881268223
2020/05/18/12/19/29,0.39993563438529456
2020/05/18/12/19/30,0.4159318732421328
2020/05/18/12/19/35,0.4518837310341776
2020/05/18/12/19/35,0.4342795199293516
2020/05/18/12/19/36,0.4489477529910562
2020/05/18/12/19/36,0.4275238997701412
2020/05/18/12/19/37,0.4180325306469332
2020/05/18/12/19/37,0.4349580700907902
2020/05/18/12/19/37,0.44392278816071945
2020/05/18/12/19/38,0.4340186580193472
2020/05/18/12/19/38,0.4081934961996103
2020/05/18/12/19/39,0.4354154542421203
2020/05/18/12/21/37,0.5035134933602408
2020/05/18/12/21/38,0.4598301363034227
2020/05/18/12/21/43,0.4283218478051542
2020/05/18/12/21/44,0.3963046455333023
2020/05/18/12/21/44,0.4073667302997826
2020/05/18/12/25/34,0.495778345301956
2020/05/18/12/25/35,0.4799937838594647
2020/05/18/12/25/37,0.4919632664939794
2020/05/18/12/25/40,0.5025194653582651
2020/05/18/12/25/40,0.4638535098863167
2020/05/18/12/25/41,0.41807386466061214
2020/05/18/12/25/42,0.42712705554505415
2020/05/18/12/25/42,0.4314938373903003
2020/05/18/12/25/44,0.41194147617016896
2020/05/18/12/25/45,0.4865639313012146
2020/05/18/12/25/46,0.4546803013971126
2020/05/18/12/25/47,0.4066687950562955
2020/05/18/12/25/47,0.4371941845548959
2020/05/18/12/25/48,0.4661011725066694
2020/05/18/12/25/49,0.42718822698170056
2020/05/18/12/25/49,0.4208924930749296
2020/05/18/12/25/50,0.441922931726526
2020/05/18/12/25/50,0.4189205923483028
2020/05/18/12/25/51,0.4493520533279262
2020/05/18/12/25/52,0.4387884493477501
2020/05/18/12/25/52,0.4267617089225496
2020/05/18/12/25/53,0.4459690978429108
2020/05/18/12/25/53,0.4517117395466802
2020/05/18/12/25/54,0.4353386092767579
2020/05/18/12/25/55,0.4508752988687612
2020/05/18/12/25/55,0.3954885740050806
2020/05/18/12/25/56,0.4591552528919224
2020/05/18/12/25/56,0.4316161769027622
2020/05/18/12/25/57,0.4626674889154536
2020/05/18/12/25/58,0.4513505384482751
2020/05/18/12/25/58,0.4263994933362078
2020/05/18/12/25/59,0.4238081912589927
2020/05/18/12/25/59,0.4828621413047894
2020/05/18/12/26/00,0.4576643558798582
2020/05/18/12/26/01,0.4563999553952637
2020/05/18/12/26/01,0.4282026060164888
2020/05/18/12/26/04,0.38938687570485897
2020/05/18/12/26/05,0.3895071082276861
2020/05/18/12/26/05,0.3885241047781591
2020/05/18/12/26/06,0.3776624012482404
2020/05/18/12/26/07,0.4000501360819156
2020/05/18/12/26/07,0.3939867515154396
2020/05/18/12/26/08,0.4129659661737038
2020/05/18/12/26/08,0.393298030810066
2020/05/18/12/26/09,0.3988131389391186
2020/05/18/12/26/10,0.3855807360993721
2020/05/18/12/26/16,0.384206152020271
2020/05/18/12/26/17,0.3980674814879743
2020/05/18/12/26/18,0.402324951902846
2020/05/18/12/26/19,0.3824755773602188
2020/05/18/12/26/20,0.3898180227880327
2020/05/18/12/26/23,0.3691168693347826
2020/05/18/12/26/24,0.41841663944961865
2020/05/18/12/26/24,0.4040079686904561
2020/05/18/12/26/25,0.4203258366897154
2020/05/18/12/26/25,0.3974902342968082
2020/05/18/12/26/26,0.39870278765051054
2020/05/18/12/26/27,0.39403623903951
2020/05/18/12/26/27,0.40442055579451625
2020/05/18/12/26/28,0.4179566767797733
2020/05/18/12/26/28,0.40967666684923343
2020/05/18/12/26/29,0.40785243843184105
2020/05/18/12/26/30,0.4142977374775759
2020/05/18/12/26/30,0.405697970326783
2020/05/18/12/26/31,0.4173266502291292
2020/05/18/12/26/32,0.6393283062659291
2020/05/18/12/26/34,0.5328169637854837
2020/05/18/12/26/34,0.5144743567576228
2020/05/18/12/26/37,0.3916724913327242
2020/05/18/12/26/38,0.41336892305086
2020/05/18/12/26/38,0.4168880954081222
2020/05/18/12/26/39,0.3869802248170829
2020/05/18/12/26/39,0.4005322284992981
2020/05/18/12/26/40,0.4096882750493645
2020/05/18/12/26/40,0.4033787870917217
2020/05/18/12/26/41,0.38748868833063616
2020/05/18/12/26/41,0.37833737948438056
2020/05/18/12/31/00,0.4780559050810494
2020/05/18/12/31/00,0.41477490359875535
2020/05/18/12/31/00,0.41464311950634336
2020/05/18/12/31/01,0.495374742188933
2020/05/18/12/31/03,0.3803087479712193
2020/05/18/12/31/03,0.3778422779612021
2020/05/18/12/31/04,0.3793714613679275
2020/05/18/12/31/04,0.4166142919451744
2020/05/18/12/31/05,0.3790932242808516
2020/05/18/12/31/05,0.4141756734868493
2020/05/18/12/31/06,0.3727721972964361
2020/05/18/12/31/06,0.3699442454880781
2020/05/18/12/31/07,0.3803387451812125
2020/05/18/12/31/07,0.3770695493326817
2020/05/18/12/31/08,0.3808768284268597
2020/05/18/12/31/09,0.3842304165655611
2020/05/18/12/31/10,0.4071186916880689
2020/05/18/12/31/11,0.4328637777648186
2020/05/18/12/31/11,0.4439602134983924
2020/05/18/12/31/12,0.4217627487965052
2020/05/18/12/31/12,0.41895055002493065
2020/05/18/12/31/14,0.4180411217775685
2020/05/18/12/31/15,0.4235464576503604
2020/05/18/12/31/15,0.4272345453559165
2020/05/18/12/31/16,0.3915117937655584
2020/05/18/12/31/18,0.4242654128251757
2020/05/18/12/31/18,0.3880823325497684
2020/05/18/12/31/19,0.42135196966535976
2020/05/18/12/31/19,0.39346330055713497
2020/05/18/12/31/20,0.4484899979617041
2020/05/18/12/31/20,0.4033482403956828
2020/05/18/12/31/21,0.4541772050011726
2020/05/18/12/31/22,0.4430185000567334
2020/05/18/12/31/22,0.3976602129007603
2020/05/18/12/31/23,0.4355762147149908
2020/05/18/12/31/23,0.4173377146030661
2020/05/18/12/31/24,0.4376866873647301
2020/05/18/12/31/26,0.3959005376369929
2020/05/18/12/31/26,0.3923757260338676
2020/05/18/12/31/27,0.4068151669341151
2020/05/18/12/35/39,0.41712558647179376
2020/05/18/12/35/39,0.4550035622400445
2020/05/18/12/35/40,0.4192483765486007
2020/05/18/12/35/41,0.4442337943334999
2020/05/18/12/35/41,0.4675704075553986
2020/05/18/12/35/42,0.474951912054805
2020/05/18/12/35/42,0.42973836508040736
2020/05/18/12/35/43,0.4736907964696061
2020/05/18/12/35/43,0.4598996839266584
2020/05/18/12/35/43,0.4881373251390738
2020/05/18/12/35/44,0.4733717636060869
2020/05/18/12/35/44,0.5043758902580477
2020/05/18/12/35/45,0.4458024744953473
2020/05/18/12/35/45,0.4934756052944415
2020/05/18/12/35/46,0.4573744151915077
2020/05/18/12/35/46,0.4547896503846138
2020/05/18/12/35/47,0.4609003128297287
2020/05/18/12/35/47,0.4482075196567456
2020/05/18/12/35/48,0.4525230545105674
2020/05/18/12/35/48,0.4552491863119711
2020/05/18/12/35/49,0.4884589727149653
2020/05/18/12/35/49,0.4796116688284846
2020/05/18/12/35/50,0.4972567946266473
2020/05/18/12/35/50,0.4614284940932404
2020/05/18/12/35/50,0.4629916859793106
2020/05/18/12/35/51,0.4677724475721137
2020/05/18/12/35/51,0.5249487425458261
2020/05/18/12/35/52,0.5255031151982932
2020/05/18/12/35/52,0.4610233426903746
2020/05/18/12/35/53,0.4991417414611209
2020/05/18/12/35/53,0.4086194132560676
2020/05/18/12/37/00,0.4548721907138357
2020/05/18/12/37/00,0.5896827401323654
2020/05/18/12/37/02,0.5233082878282413
2020/05/18/12/37/05,0.4294934476364998
2020/05/18/12/37/05,0.5039187645571881
2020/05/18/12/37/06,0.4805870351813492
2020/05/18/12/37/06,0.4820818069539802
2020/05/18/12/37/07,0.45894421349815706
2020/05/18/12/37/07,0.4584337987559067
2020/05/18/12/37/07,0.4793352793163332
2020/05/18/12/37/08,0.468436893596593
2020/05/18/12/37/08,0.4234450356923152
2020/05/18/12/37/14,0.4442427097241328
2020/05/18/12/37/16,0.4280650523758653
2020/05/18/12/37/16,0.41931849773259466
2020/05/18/12/37/17,0.4270586574760093
2020/05/18/12/37/17,0.4490193608909575
2020/05/18/12/37/20,0.4464769190786892
2020/05/18/12/37/21,0.4528112827101754
2020/05/18/12/37/21,0.4564236834894202
2020/05/18/12/37/22,0.4883147388043033
2020/05/18/12/37/23,0.4800900021230127
2020/05/18/12/37/23,0.4630558989447586
2020/05/18/12/37/24,0.4507613469599429
2020/05/18/12/37/24,0.469906952394185
2020/05/18/12/37/25,0.4886214882506905
2020/05/18/12/37/26,0.440953031806343
2020/05/18/12/37/26,0.4842425401701879
2020/05/18/12/37/27,0.4512503406766947
2020/05/18/12/37/27,0.4701360442781157
2020/05/18/12/37/28,0.4673017838664575
2020/05/18/12/37/32,0.4174708275202271
2020/05/18/12/37/32,0.39738931442488057
2020/05/18/12/37/33,0.4287479868188788
2020/05/18/12/37/34,0.4410196876897525
2020/05/18/12/37/34,0.43474697454832617
2020/05/18/12/37/35,0.4189243472874583
2020/05/18/12/37/35,0.4124804853023881
2020/05/18/12/37/36,0.4481254707607588
2020/05/18/12/56/47,0.4274684517278449
2020/05/18/12/56/47,0.41145387429040137
2020/05/18/12/56/48,0.4100247323007524
2020/05/18/12/56/48,0.41031517781212135
2020/05/18/12/56/49,0.40342755025345584
2020/05/18/12/56/49,0.4005965214440204
2020/05/18/12/56/50,0.43288220543670064
2020/05/18/12/56/51,0.3923602004344685
2020/05/18/12/56/51,0.3988946577538681
2020/05/18/12/56/52,0.3969442285562083
2020/05/18/12/56/55,0.37762898323997895
2020/05/18/12/58/03,0.4536197952664178
2020/05/18/12/58/03,0.4022798886685588
2020/05/18/12/58/04,0.3967232309690284
2020/05/18/12/58/04,0.40658623948664735
2020/05/18/12/58/05,0.4014777951742652
2020/05/18/12/58/05,0.5242003217625099
2020/05/18/12/58/06,0.6462684225391714
2020/05/18/12/58/07,0.4790711377924813
2020/05/18/12/58/08,0.4216478655154868
2020/05/18/12/58/08,0.4125944016541173
2020/05/18/12/58/09,0.4030439300999245
2020/05/18/12/58/09,0.40269699945917015
2020/05/18/12/58/10,0.3948117976212648
2020/05/18/12/58/11,0.3914143855517953
2020/05/18/12/58/11,0.3951266354012962
2020/05/18/12/58/12,0.41500054455715535
2020/05/18/12/58/12,0.39689100757569545
2020/05/18/12/58/13,0.42111243217826144
2020/05/18/12/58/14,0.4141179014301127
2020/05/18/12/58/15,0.4054642577890118
2020/05/18/12/58/15,0.4102383607846875
2020/05/18/12/58/16,0.4047968694582936
2020/05/18/12/58/17,0.4157207518312129
2020/05/18/12/58/17,0.4184762405572515
2020/05/18/12/58/19,0.5240741456023225
2020/05/18/12/58/20,0.3897921746665649
2020/05/18/12/58/20,0.4189680099224613
2020/05/18/12/58/21,0.4293922648013444
2020/05/18/12/58/21,0.4340287150857118
2020/05/18/12/58/22,0.4264886776106979
2020/05/18/12/58/22,0.4191125059167055
2020/05/18/12/58/22,0.428912242473036
2020/05/18/12/58/23,0.4210116680476585
2020/05/18/12/58/25,0.4654891856908519
2020/05/18/12/58/44,0.4419303635100673
2020/05/18/12/58/44,0.39990560115702745
2020/05/18/12/58/45,0.3807356529879967
2020/05/18/12/58/45,0.4025634345485082
2020/05/18/12/58/46,0.4151034810836887
2020/05/18/12/58/46,0.4061180262795445
2020/05/18/12/58/47,0.4026968358546746
2020/05/18/12/58/47,0.3507909711113296
2020/05/18/12/58/48,0.4007608351825931
2020/05/18/12/58/48,0.3743085025436341
2020/05/18/12/58/48,0.3935913674754553
2020/05/18/12/58/49,0.4180167944468099
2020/05/18/12/58/50,0.38263005712266135
2020/05/18/12/58/51,0.4468347237941047
2020/05/18/12/58/51,0.4324047067203813
2020/05/18/12/58/51,0.43262497604483796
2020/05/18/12/58/54,0.44887214148421295
2020/05/18/12/58/55,0.4952287153676984
2020/05/18/12/58/55,0.5171861921664
2020/05/18/12/58/56,0.4333117009644831
2020/05/18/12/58/56,0.3701384616567179
2020/05/18/12/58/57,0.3876079491958793
2020/05/18/12/58/57,0.4287674747912982
2020/05/18/12/58/58,0.4503794401494605
2020/05/18/12/58/58,0.457123540426797
2020/05/18/12/58/58,0.4371107132111904
2020/05/18/12/58/59,0.4634124067953848
2020/05/18/12/58/59,0.41899262922099395
2020/05/18/12/59/00,0.437754108994549
2020/05/18/12/59/00,0.4700449911104059
2020/05/18/12/59/01,0.3946568412177867
2020/05/18/12/59/02,0.3628980152175741
2020/05/18/12/59/03,0.3678681954886164
2020/05/18/12/59/03,0.3900208012584008
2020/05/18/12/59/04,0.38809347480256656
2020/05/18/12/59/04,0.4018520254462746
2020/05/18/12/59/05,0.4142296108841982
2020/05/18/12/59/05,0.3935235884632727
2020/05/18/12/59/06,0.3863268572629178
2020/05/18/12/59/06,0.35764810178699186
2020/05/18/12/59/06,0.35461517677616056
2020/05/18/12/59/07,0.3800251714229727
2020/05/18/12/59/07,0.4028953214280712
2020/05/18/12/59/09,0.3714295432023089
2020/05/18/12/59/09,0.35630941773247504
2020/05/18/12/59/10,0.3675606314545475
2020/05/18/12/59/10,0.39205579031287735
2020/05/18/12/59/11,0.3526635924531934
2020/05/18/12/59/11,0.4076107662069701
2020/05/18/12/59/11,0.34490943690279185
2020/05/18/12/59/12,0.4074506282158376
2020/05/18/12/59/12,0.3472060722093365
2020/05/18/12/59/13,0.3431301742896857
2020/05/18/12/59/13,0.36469300111943787
2020/05/18/12/59/14,0.3913781957858857
2020/05/18/12/59/14,0.3971333969960026
2020/05/18/12/59/15,0.3856819923946434
2020/05/18/12/59/15,0.3568580902412037
2020/05/18/12/59/16,0.3467384992909716
2020/05/18/12/59/16,0.3929580658120536
2020/05/18/12/59/17,0.36444923246852295
2020/05/18/12/59/17,0.40534660528933497
2020/05/18/12/59/18,0.3908121544007565
2020/05/18/12/59/18,0.3569095180737781
2020/05/18/12/59/19,0.33909469633877504
2020/05/18/12/59/19,0.40712051999269
2020/05/18/12/59/19,0.4141984575520271
2020/05/18/12/59/20,0.4529844952200072
2020/05/18/12/59/20,0.452480126228247
2020/05/18/12/59/24,0.4747620822638559
2020/05/18/12/59/25,0.4109634218675177
2020/05/18/12/59/27,0.3547128868265675
2020/05/18/12/59/27,0.3658441766899791
2020/05/18/12/59/31,0.40413103353166463
2020/05/18/12/59/31,0.3905192859430487
2020/05/18/12/59/32,0.3914663416235586
2020/05/18/12/59/32,0.3682293490847478
2020/05/18/12/59/33,0.3877764108394562
2020/05/18/12/59/33,0.3887871636369381
2020/05/18/12/59/33,0.38356928085320224
2020/05/18/12/59/34,0.4043658397660432
2020/05/18/12/59/34,0.4154939202464274
2020/05/18/12/59/35,0.40410376342452425
2020/05/18/12/59/35,0.3987646128047948
2020/05/18/12/59/36,0.4187164681462839
2020/05/18/12/59/36,0.3987824021894731
2020/05/18/12/59/37,0.3808901810641873
2020/05/18/12/59/37,0.3897425659885364
2020/05/18/12/59/38,0.4000340335775283
2020/05/18/12/59/38,0.3900956645300328
2020/05/18/12/59/39,0.38892919740522175
2020/05/18/12/59/47,0.4231921979221571
2020/05/18/12/59/47,0.40473947899677976
2020/05/18/12/59/48,0.3756062500029098
2020/05/18/12/59/49,0.4192262557431591
2020/05/18/12/59/49,0.4155960236067451
2020/05/18/12/59/50,0.38932451428404896
2020/05/18/12/59/51,0.4258789101214833
2020/05/18/12/59/51,0.40493122132663134
2020/05/18/12/59/52,0.3912842727444675
2020/05/18/12/59/52,0.3931216818251755
2020/05/18/12/59/53,0.4007657562890651
2020/05/18/12/59/57,0.5209044839730324
2020/05/18/12/59/58,0.36200873578631
2020/05/18/13/00/00,0.6035132223098543
2020/05/18/13/00/46,0.5490061794179266
2020/05/18/13/00/49,0.41124278680070336
2020/05/18/13/00/50,0.3794411048307368
2020/05/18/13/00/53,0.4110600761182644
2020/05/18/13/00/54,0.4200699741985257
2020/05/18/13/00/54,0.3909018294389838
2020/05/18/13/00/55,0.3873079906697502
2020/05/18/13/00/55,0.34348348199926043
2020/05/18/13/00/56,0.4106514148236219
2020/05/18/13/00/57,0.4304086640371848
2020/05/18/13/00/58,0.37845673726122414
2020/05/18/13/00/58,0.3582429889647951
2020/05/18/13/01/00,0.3892325840976244
2020/05/18/13/01/00,0.388048698191421
2020/05/18/13/01/01,0.39544751651173626
2020/05/18/13/01/01,0.3795123698015775
2020/05/18/13/01/02,0.35446039026512505
2020/05/18/13/01/03,0.35847073864367346
2020/05/18/13/01/03,0.3621573073297212
2020/05/18/13/01/04,0.3771875786207702
2020/05/18/13/01/04,0.3781944510079238
2020/05/18/13/01/05,0.3664248666761954
2020/05/18/13/01/06,0.3777494908268846
2020/05/18/13/01/06,0.3775840346904967
2020/05/18/13/01/11,0.3696364028482244
2020/05/18/13/01/12,0.4134568682792963
2020/05/18/13/01/12,0.4284375195572835
2020/05/18/13/01/13,0.4183939898799631
2020/05/18/13/01/13,0.3936862447711701
2020/05/18/13/01/14,0.41811091841448
2020/05/18/13/01/14,0.41621076125796985
2020/05/18/13/01/14,0.4210460694058901
2020/05/18/13/01/15,0.4094366729684051
2020/05/18/13/01/53,0.4012743970038093
2020/05/18/13/01/53,0.3746918974160615
2020/05/18/13/01/54,0.36988986984115774
2020/05/18/13/01/54,0.36945325251455335
2020/05/18/13/01/54,0.3750403045783314
2020/05/18/13/01/55,0.3785649430689758
2020/05/18/13/01/55,0.3748961028099712
2020/05/18/13/01/58,0.3903885214473064
2020/05/18/13/01/58,0.3977210267756992
2020/05/18/13/01/59,0.3741845520502625
2020/05/18/13/01/59,0.3832426754001117
2020/05/18/13/02/00,0.4044637095151241
2020/05/18/13/02/00,0.3971021679530978
2020/05/18/13/02/01,0.4124740126479859
2020/05/18/13/02/01,0.4135733500683668
2020/05/18/13/02/02,0.38938394496994505
2020/05/18/13/02/02,0.3660334429796818
2020/05/18/13/02/03,0.38754063372968894
2020/05/18/13/02/05,0.4729407334617183
2020/05/18/13/02/05,0.3973947045478487
2020/05/18/13/02/06,0.3939151239500627
2020/05/18/13/02/07,0.38392465407280096
2020/05/18/13/02/07,0.3988283299218669
2020/05/18/13/02/08,0.3982593006382935
2020/05/18/13/02/08,0.423687404133196
2020/05/18/13/02/09,0.4098589409155881
2020/05/18/13/02/10,0.4011421115391515
2020/05/18/13/02/10,0.373184045630092
2020/05/18/13/02/11,0.39146184357492375
2020/05/18/13/02/11,0.3908956654720369
2020/05/18/13/02/12,0.3897957372977489
2020/05/18/13/02/13,0.3885409674869508
2020/05/18/13/02/13,0.3837129073068566
2020/05/18/13/02/14,0.3832059219847258
2020/05/18/13/02/14,0.372079708703317
2020/05/18/13/02/15,0.390946128391524
2020/05/18/13/02/16,0.3848584038366352
2020/05/18/13/02/16,0.3879556330340807
2020/05/18/14/59/26,0.7146202303459923
2020/05/18/14/59/30,0.41189090867778905
2020/05/18/14/59/37,0.3858365619174096
2020/05/18/14/59/37,0.34272388275814514
2020/05/18/14/59/38,0.35673855456086034
2020/05/18/14/59/39,0.3392317858061467
2020/05/18/14/59/42,0.36020312930061105
2020/05/18/14/59/42,0.3538324625567839
2020/05/18/14/59/43,0.3426613301035678
2020/05/18/14/59/43,0.35626950570543864
2020/05/18/14/59/44,0.3468206733421187
2020/05/18/14/59/44,0.3562578239876375
2020/05/18/14/59/45,0.35214547021298004
2020/05/18/14/59/46,0.4990637562661049
2020/05/18/14/59/46,0.4897575183145851
2020/05/18/14/59/46,0.4961296490352058
2020/05/18/14/59/47,0.4315221975643456
2020/05/18/14/59/47,0.4247145764864227
2020/05/18/14/59/48,0.3377908196258557
2020/05/18/14/59/48,0.3526133262249444
2020/05/18/14/59/49,0.3562399855450871
2020/05/18/14/59/49,0.3578734768683836
2020/05/18/14/59/50,0.362692723838926
2020/05/18/14/59/50,0.3559812146381917
2020/05/18/14/59/52,0.6995975363511711
2020/05/18/14/59/52,0.6077787492810038
2020/05/18/14/59/53,0.6619556189237232
2020/05/18/14/59/53,0.6802406174926858
2020/05/18/14/59/54,0.6823990181443514
2020/05/18/14/59/55,0.4993729720052564
2020/05/18/14/59/55,0.4019101726020488
2020/05/18/14/59/55,0.3710259570239185
2020/05/18/14/59/56,0.3431904438441864
2020/05/18/14/59/56,0.3856575644644742
2020/05/18/14/59/57,0.3756468521365626
2020/05/18/14/59/57,0.3911411954497739
2020/05/18/14/59/58,0.3835322384408451
2020/05/18/14/59/58,0.3672475592352563
2020/05/18/14/59/59,0.3712377460526052
2020/05/18/14/59/59,0.3967360242016746
2020/05/18/15/00/00,0.387204212287029
2020/05/18/15/00/00,0.3813393049386789
2020/05/18/15/00/01,0.3970773499814472
2020/05/18/15/00/01,0.38282781436154106
2020/05/18/15/00/01,0.3966984435073699
2020/05/18/15/00/02,0.4020710999675956
2020/05/18/15/00/02,0.44610821689667896
2020/05/18/15/00/03,0.7100346334740697
2020/05/18/15/00/04,0.6342470863779474
2020/05/18/15/00/05,0.6539940054356478
2020/05/18/15/00/05,0.6689349197528458
2020/05/18/15/00/06,0.3953730134853036
2020/05/18/15/00/07,0.4515281494785117
2020/05/18/15/00/07,0.42987656945974906
2020/05/18/15/00/08,0.4353657165432169
2020/05/18/15/00/08,0.4380361906119385
2020/05/18/15/00/09,0.42378830416481467
2020/05/18/15/00/10,0.4244041600372651
2020/05/18/15/00/10,0.4267446748518761
2020/05/18/15/00/11,0.489274057380692
2020/05/18/15/00/12,0.7324055089289844
2020/05/18/15/00/13,0.4633731732958971
2020/05/18/15/00/14,0.4105947976253948
2020/05/18/15/00/14,0.4240694787124248
2020/05/18/15/00/15,0.4046585821691263
2020/05/18/15/00/15,0.4165226243657433
2020/05/18/15/00/16,0.3985237781603669
2020/05/18/15/00/16,0.4169747586286702
2020/05/18/15/00/16,0.3906658872960545
2020/05/18/15/00/17,0.3718197123933557
2020/05/18/15/00/17,0.415567674169608
2020/05/18/15/00/18,0.40001205200592416
2020/05/18/15/00/18,0.39231216327735147
2020/05/18/15/00/19,0.3955171180406151
2020/05/18/15/00/19,0.3921087952914517
2020/05/18/15/00/20,0.4519143381579076
2020/05/18/15/00/42,0.5142217991555303
2020/05/18/15/00/43,0.4583535070439623
2020/05/18/15/00/43,0.4241788119140407
2020/05/18/15/00/44,0.4254750183157155
2020/05/18/15/00/44,0.4253895753706249
2020/05/18/15/00/45,0.4171170453853248
2020/05/18/15/00/45,0.3906191525549249
2020/05/18/15/00/47,0.44076907161105466
2020/05/18/15/00/47,0.4127596043267605
2020/05/18/15/00/48,0.4262509022511524
2020/05/18/15/00/48,0.4351284954419076
2020/05/18/15/00/49,0.391481659496816
2020/05/18/15/00/49,0.4636596064133636
2020/05/18/15/00/50,0.4616262620738174
2020/05/18/15/00/51,0.4678008930302364
2020/05/18/15/00/51,0.4498637752270075
2020/05/18/15/00/52,0.4353382034936612
2020/05/18/15/00/53,0.4132551212378061
2020/05/18/15/00/53,0.3925132269173392
2020/05/18/15/00/54,0.3916050826648912
2020/05/18/15/00/54,0.3943019122243263
2020/05/18/15/01/12,0.4067158052124956
2020/05/18/15/01/12,0.3950729998211309
2020/05/18/15/01/13,0.40089806334566896
2020/05/18/15/01/13,0.41749530572634586
2020/05/18/15/01/14,0.39310260071142905
2020/05/18/15/01/14,0.4126793641855421
2020/05/18/15/01/14,0.3990713414959152
2020/05/18/15/01/17,0.4587447299376145
2020/05/18/15/01/17,0.4084169694143205
2020/05/18/15/01/18,0.3892077945341964
2020/05/18/15/01/19,0.3943933702708725
2020/05/18/15/01/19,0.3852284969059314
2020/05/18/15/01/20,0.4242446535244692
2020/05/18/15/01/20,0.43730204155971936
2020/05/18/15/01/21,0.4292171945825779
2020/05/18/15/01/22,0.4355810503361091
2020/05/18/15/01/22,0.4440751102716013
2020/05/18/15/01/24,0.4647726456626464
2020/05/18/15/01/24,0.3923054779195239
2020/05/19/11/11/38,0.452195223036867
2020/05/19/11/11/42,0.4923738037907386
2020/05/19/11/11/43,0.4201824664008516
2020/05/19/11/11/43,0.3799019911738957
2020/05/19/11/11/44,0.6770060820492783
2020/05/19/11/11/45,0.3828133797836685
2020/05/19/11/11/46,0.4560098289525199
2020/05/19/11/11/46,0.41635800071405776
2020/05/19/11/11/47,0.5396873558013731
2020/05/19/11/11/48,0.4825748283597527
2020/05/19/11/11/48,0.4448867687837964
2020/05/19/11/11/49,0.4350072474467155
2020/05/19/11/11/49,0.4126251911193538
2020/05/19/11/11/50,0.3953753273743317
2020/05/19/11/11/50,0.3909247901290725
2020/05/19/11/11/51,0.3725298301499354
2020/05/19/11/11/51,0.3697500086450698
2020/05/19/11/11/52,0.37734661834176736
2020/05/19/11/11/52,0.3915045322952945
2020/05/19/11/11/56,0.39219514374029374
2020/05/19/11/11/57,0.4085474548059617
2020/05/19/11/11/57,0.34215825459251625
2020/05/19/11/11/58,0.4308678759333164
2020/05/19/11/11/59,0.4558118069734363
2020/05/19/11/11/59,0.4128849719883472
2020/05/19/11/12/00,0.4163411623876619
2020/05/19/11/12/00,0.3800094388149798
2020/05/19/11/12/01,0.4140653529615919
2020/05/19/11/12/02,0.40018980200387977
2020/05/19/11/12/02,0.41562550651695307
2020/05/19/11/12/03,0.4327731376120933
2020/05/19/11/12/03,0.4073210645277785
2020/05/19/11/12/04,0.4129259075427661
2020/05/19/11/12/05,0.40557296254590175
2020/05/19/11/12/05,0.3812233152981901
2020/05/19/11/12/06,0.37775996052291655
2020/05/19/11/12/07,0.36627555927294536
2020/05/19/11/12/07,0.3802432669507224
2020/05/19/11/12/08,0.4008730635839817
2020/05/19/11/12/08,0.364631138868037
2020/05/19/11/12/09,0.3751829710281967
2020/05/19/11/12/10,0.3847976811623047
2020/05/19/11/12/10,0.38332173716448587
2020/05/19/11/12/11,0.4366195236575069
2020/05/19/11/12/11,0.44066589286147057
2020/05/19/11/12/12,0.37469151681079377
2020/05/19/11/12/13,0.4440323347449575
2020/05/19/11/12/13,0.3856042172948541
2020/05/19/11/12/14,0.4013048988499888
2020/05/19/11/12/14,0.3974805455410087
2020/05/19/11/12/15,0.40972597229173374
2020/05/19/11/12/16,0.4057795146801199
2020/05/19/11/12/16,0.4337422482386339
2020/05/19/11/12/17,0.4269208170039114
2020/05/19/11/12/17,0.4311164230022728
2020/05/19/11/12/18,0.38546012664687146
2020/05/19/11/12/20,0.5956126855858311
2020/05/19/11/12/21,0.4688440072404693
2020/05/19/11/12/22,0.4912357528587178
2020/05/19/11/12/22,0.4997499725714099
2020/05/19/11/12/40,0.5263540630966422
2020/05/19/11/12/41,0.5146478713808207
2020/05/19/11/12/41,0.4781213724232315
2020/05/19/11/12/42,0.3934981194877824
2020/05/19/11/12/42,0.3693162453615822
2020/05/19/11/12/43,0.3716964724857141
2020/05/19/11/12/43,0.4515424016800449
2020/05/19/11/12/45,0.4521116360958133
2020/05/19/11/12/46,0.3642166578384623
2020/05/19/11/12/46,0.398086175458543
2020/05/19/11/12/47,0.40904932344322187
2020/05/19/11/12/47,0.4110977830713189
2020/05/19/11/12/47,0.4176756512241755
2020/05/19/11/12/48,0.7243955729263543
2020/05/19/11/12/49,0.4952041416235634
2020/05/19/11/12/50,0.4320916302764397
2020/05/19/11/12/50,0.405562679282778
2020/05/19/11/12/51,0.4289499933643036
2020/05/19/11/12/51,0.4134517709261509
2020/05/19/11/12/52,0.4012209620070345
2020/05/19/11/12/52,0.3938896958165984
2020/05/19/11/12/53,0.39084352431675146
2020/05/19/11/12/53,0.3925414288691607
2020/05/19/11/12/54,0.3968974161444635
2020/05/19/11/12/54,0.39271055652467896
2020/05/19/11/12/55,0.3890712634884795
2020/05/19/11/12/55,0.3957500676172019
2020/05/19/11/12/56,0.4110517786053597
2020/05/19/11/12/57,0.506210892964726
2020/05/19/11/12/58,0.4192967222159958
2020/05/19/11/12/59,0.3990945094687191
2020/05/19/11/12/59,0.3950558278400674
2020/05/19/11/13/00,0.3827056292322587
2020/05/19/11/13/00,0.3937211688468318
2020/05/19/11/13/01,0.37904447182913104
2020/05/19/11/13/02,0.38138811570756864
2020/05/19/11/13/02,0.3901856937878828
2020/05/19/11/13/03,0.3939622931856429
2020/05/19/11/13/03,0.42598489866846617
2020/05/19/11/13/04,0.4274555348926244
2020/05/19/11/13/05,0.4057216567336897
2020/05/19/11/13/05,0.3892230064413586
2020/05/19/11/13/06,0.43740492595109937
2020/05/19/11/13/07,0.4039222833452025
2020/05/19/11/13/07,0.3993630039650939
2020/05/19/11/13/08,0.4017513483940017
2020/05/19/11/13/08,0.3968502351763857
2020/05/19/11/13/09,0.4158344932875354
2020/05/19/11/13/10,0.4043202260629262
2020/05/19/11/13/10,0.4085611996546516
2020/05/19/11/13/11,0.39012680267085
2020/05/19/11/13/14,0.5147501996272339
2020/05/19/11/13/16,0.4649473179497474
2020/05/19/11/13/16,0.4149366880252893
2020/05/19/11/13/17,0.4045280092246295
2020/05/19/11/13/19,0.445822472621974
2020/05/19/11/13/19,0.5023883198351865
2020/05/19/11/13/20,0.5115414806628715
2020/05/19/11/13/20,0.3931387246426274
2020/05/19/11/13/21,0.3955766771181583
2020/05/19/11/13/21,0.3914868397998645
2020/05/19/11/13/22,0.3935171848894792
2020/05/19/11/13/23,0.4296140266841505
2020/05/19/11/13/26,0.5327065415385968
2020/05/19/11/13/27,0.4961560683967672
2020/05/19/11/13/28,0.43631041832884304
2020/05/19/11/13/28,0.3892326773541235
2020/05/19/11/13/30,0.5164243399413719
2020/05/19/11/13/31,0.4301940298744465
2020/05/19/11/13/31,0.40738819851158026
2020/05/19/11/13/32,0.43850705757161657
2020/05/19/11/13/35,0.6181010053423761
2020/05/19/11/13/36,0.4171797757072826
2020/05/19/11/13/36,0.4378492992564485
2020/05/19/11/13/37,0.4335032735036064
2020/05/19/11/13/37,0.4384022317087652
2020/05/19/11/13/38,0.4098410105680471
2020/05/19/11/13/38,0.4356121206983385
2020/05/19/11/13/39,0.3987967561238713
2020/05/19/11/13/39,0.4200243491118695
2020/05/19/11/13/40,0.4160099236800007
2020/05/19/11/13/40,0.4205437722835559
2020/05/19/11/13/41,0.4209208032067448
2020/05/19/11/13/41,0.4348775543857583
2020/05/19/11/13/42,0.4837480969864616
2020/05/19/11/13/42,0.4839861956311275
2020/05/19/11/13/43,0.4917629579380871
2020/05/19/11/13/43,0.5421091118612203
2020/05/19/11/13/43,0.5298947726731211
2020/05/19/11/13/44,0.4898954636405743
2020/05/19/11/13/44,0.4474354750046857
2020/05/19/11/13/45,0.4547050351071513
2020/05/19/11/13/45,0.4517307334023285
2020/05/19/11/13/46,0.5116609721775276
2020/05/19/11/13/46,0.5285577551895466
2020/05/19/11/13/47,0.5420362642227043
2020/05/19/11/13/47,0.5533382256443629
2020/05/19/11/13/48,0.5194930086659444
2020/05/19/11/13/50,0.4783913895749114
2020/05/19/11/13/51,0.4734138361674358
2020/05/19/11/13/51,0.4461617278238453
2020/05/19/11/13/52,0.44836239145242296
2020/05/19/11/13/52,0.4583070267392672
2020/05/19/11/13/53,0.4547241906058325
2020/05/19/11/13/53,0.4723582478603028
2020/05/19/11/13/54,0.4974011618064858
2020/05/19/11/13/54,0.4493252267518624
2020/05/19/11/13/55,0.45953011790302095
2020/05/19/11/13/55,0.4725928872910921
2020/05/19/11/13/56,0.4985644476200695
2020/05/19/11/13/56,0.4966499231283968
2020/05/19/11/13/57,0.4729352480141232
2020/05/19/11/13/58,0.5201544382614761
2020/05/19/11/13/59,0.516116433560857
2020/05/19/11/13/59,0.49843454762187
2020/05/19/11/14/28,0.5280062866365675
2020/05/19/11/14/28,0.5276907804572043
2020/05/19/11/14/29,0.5336807788349099
2020/05/19/11/14/29,0.5364222601141378
2020/05/19/11/14/31,0.47594208596093
2020/05/19/11/14/32,0.4005769046495182
2020/05/19/11/14/32,0.3801779001615109
2020/05/19/11/14/33,0.3886931752514581
2020/05/19/11/14/33,0.39624044829861577
2020/05/19/11/14/34,0.4049655884517165
2020/05/19/11/14/34,0.5297181418854735
2020/05/19/11/14/37,0.5888730496034781
2020/05/19/11/14/38,0.4818954207497503
2020/05/19/11/14/38,0.4570156540334942
2020/05/19/11/14/39,0.4633867969006212
2020/05/19/11/14/39,0.4507641683546698
2020/05/19/11/14/39,0.4641912175087864
2020/05/19/11/14/40,0.4492095958752399
2020/05/19/11/14/41,0.4693265859956584
2020/05/19/11/14/41,0.4591641920314269
2020/05/19/11/14/42,0.45979584269295604
2020/05/19/11/14/42,0.4550398111252166
2020/05/19/11/14/43,0.4376958932413865
2020/05/19/11/14/44,0.4050301178755241
2020/05/19/11/14/44,0.4212600234083385
2020/05/19/11/14/45,0.4294519657899292
2020/05/19/11/14/46,0.4293600816454477
2020/05/19/11/36/43,0.4126888458337948
2020/05/19/11/36/45,0.4332322288475925
2020/05/19/11/36/45,0.3733511887634071
2020/05/19/11/36/46,0.4093082916562668
2020/05/19/11/36/46,0.4069023259874491
2020/05/19/11/36/47,0.3856635144799968
2020/05/19/11/36/48,0.4713956347799974
2020/05/19/11/36/49,0.409648794894516
2020/05/19/11/36/49,0.38878936124185975
2020/05/19/11/36/50,0.3876908436072452
2020/05/19/11/36/50,0.3915214675560964
2020/05/19/11/36/51,0.5324995896599712
2020/05/19/11/36/52,0.4612119790425631
2020/05/19/11/36/52,0.48440728116037707
2020/05/19/11/36/53,0.4043854795849151
2020/05/19/11/36/54,0.3752457183103016
2020/05/19/11/36/54,0.3825156422306136
2020/05/19/11/36/55,0.3834348612204559
2020/05/19/11/36/55,0.420253864871788
2020/05/19/11/36/56,0.4926438506137568
2020/05/19/11/36/57,0.5003498484088089
2020/05/19/11/36/57,0.4420451498721377
2020/05/19/11/36/58,0.4527640050803848
2020/05/19/11/36/59,0.4263291830664255
2020/05/19/11/36/59,0.5685916854857487
2020/05/19/11/37/16,0.4369988898177914
2020/05/19/11/37/17,0.4570425162602614
2020/05/19/11/37/17,0.4645763165394559
2020/05/19/11/37/18,0.39556890647966897
2020/05/19/11/37/18,0.3511651095268573
2020/05/19/11/37/19,0.3941393545156097
2020/05/19/11/37/21,0.40250511236999664
2020/05/19/11/37/22,0.3782095654713343
2020/05/19/11/37/22,0.3949649590866421
2020/05/19/11/37/23,0.3750986907816639
2020/05/19/11/37/25,0.5018241909405983
2020/05/19/11/37/25,0.4678975714061744
2020/05/19/11/37/26,0.4176253450442412
2020/05/19/11/37/27,0.3904490118135369
2020/05/19/11/37/27,0.3834126566538201
2020/05/19/11/37/28,0.36581713300495183
2020/05/19/11/37/28,0.38846955060315697
2020/05/19/11/37/29,0.3742712731146139
2020/05/19/11/37/30,0.3904370050744468
2020/05/19/11/37/30,0.3874487490264136
2020/05/19/11/37/31,0.4913706980854794
2020/05/19/11/53/04,0.6329644753907206
2020/05/19/11/53/05,0.6322173638573317
2020/05/19/11/53/05,0.6662351657390408
2020/05/19/11/53/06,0.6529513686357737
2020/05/19/11/53/07,0.6259196221458604
2020/05/19/11/53/08,0.6390017245748861
2020/05/19/11/53/09,0.6542988512695479
2020/05/19/11/53/10,0.6318982735355101
2020/05/19/11/53/11,0.6619533611448803
2020/05/19/11/53/11,0.6446297523840223
2020/05/19/11/53/12,0.6664358040835571
2020/05/19/11/53/13,0.6316022697674885
2020/05/19/11/53/14,0.6305770285664704
2020/05/19/11/53/14,0.6554975429802191
2020/05/19/11/53/15,0.6605074074219143
2020/05/19/11/53/16,0.6508622303791319
2020/05/19/11/53/17,0.665043965429618
2020/05/19/11/53/17,0.6525936065930534
2020/05/19/11/53/18,0.6493648808545649
2020/05/19/11/53/19,0.6469815662389996
2020/05/19/11/53/20,0.6761298427378487
2020/05/19/11/53/21,0.6797608845567007
2020/05/19/11/53/21,0.6784549368544031
2020/05/19/11/53/22,0.6848910332227092
2020/05/19/11/53/23,0.6754307563886854
2020/05/19/11/53/24,0.6470151213171844
2020/05/19/11/53/24,0.6873740680313559
2020/05/19/11/53/25,0.6559277196395109
2020/05/19/11/53/26,0.6779489165352718
2020/05/19/11/53/27,0.6186112874967296
2020/05/19/11/53/27,0.5605557876537041
2020/05/19/11/53/28,0.5489833358731144
2020/05/19/11/53/29,0.5507849588972771
2020/05/19/11/53/30,0.6836491530949047
2020/05/19/11/53/31,0.6827961253898371
2020/05/19/11/53/32,0.6687667612438066
2020/05/19/11/53/33,0.6616336555374301
2020/05/19/11/53/33,0.6532487794375034
2020/05/19/11/53/34,0.6488760837430552
2020/05/19/11/53/35,0.6737548155053881
2020/05/19/11/53/36,0.6163032256019411
2020/05/19/11/53/37,0.6611814562278854
2020/05/19/11/53/38,0.6448121949208339
2020/05/19/11/53/39,0.6343131899175665
2020/05/19/11/53/40,0.6608432324150568
2020/05/19/11/53/40,0.6528259035620148
2020/05/19/11/53/41,0.6532583502075263
2020/05/19/11/53/42,0.6509376747174059
2020/05/19/11/53/43,0.6445614321290198
2020/05/19/11/53/43,0.6419039237418643
2020/05/19/11/53/44,0.6464466510132695
2020/05/19/11/53/45,0.6489772002324166
2020/05/19/11/53/59,0.6788917487597901
2020/05/19/11/53/59,0.6640646307709808
2020/05/19/11/54/00,0.6738405285802376
2020/05/19/11/54/01,0.6486795565025085
2020/05/19/11/54/02,0.6813424786478536
2020/05/19/11/54/04,0.6709893821094782
2020/05/19/11/54/06,0.6591728847184599
2020/05/19/11/54/06,0.6825970854097846
2020/05/19/11/54/07,0.6490394126796953
2020/05/19/11/54/08,0.6496580457163493
2020/05/19/11/56/17,0.6819829930810375
2020/05/19/11/56/17,0.7045705225943619
2020/05/19/11/56/18,0.7239552272079959
2020/05/19/11/56/19,0.693365915990858
2020/05/19/11/56/20,0.7106611628589043
2020/05/19/11/56/20,0.7051628091253853
2020/05/19/11/56/21,0.7105537977236349
2020/05/19/11/56/22,0.7100392198687137
2020/05/19/11/56/22,0.6890403389233043
2020/05/19/11/56/23,0.708058998462745
2020/05/19/11/56/24,0.6715781361690262
2020/05/19/11/56/24,0.6901067504231212
2020/05/19/11/56/25,0.6907544027240129
2020/05/19/11/56/26,0.6755017026758869
2020/05/19/11/56/26,0.6983696439012241
2020/05/19/11/56/27,0.6897368854990802
2020/05/19/11/56/28,0.6927940017181442
2020/05/19/11/56/28,0.6727343185095664
2020/05/19/11/56/29,0.6786639487970016
2020/05/19/11/56/30,0.6814051138138331
2020/05/19/11/56/30,0.6703046489340532
2020/05/19/11/56/31,0.6928915252842889
2020/05/19/11/56/32,0.6909206758987412
2020/05/19/11/56/32,0.7030288499108768
2020/05/19/11/56/33,0.6839796967173096
2020/05/19/11/56/34,0.6978914322166072
2020/05/19/11/56/34,0.6907897996244619
2020/05/19/11/56/46,0.5914938302807274
2020/05/19/11/56/46,0.6308513590158278
2020/05/19/11/56/50,0.6663357856416215
2020/05/19/11/56/50,0.6455142066701495
2020/05/19/11/56/51,0.6542772513963642
2020/05/19/12/01/30,0.4399685709755553
2020/05/19/12/01/31,0.4488484223599331
2020/05/19/12/01/32,0.39493325600165785
2020/05/19/12/01/33,0.3967720722283921
2020/05/19/12/01/33,0.4350500926959591
2020/05/19/12/01/34,0.4683098715494848
2020/05/19/12/01/35,0.2428789462969525
2020/05/19/12/01/35,0.21611200333781166
2020/05/19/12/01/36,0.21984900042190256
2020/05/19/12/01/37,0.2264489759810893
2020/05/19/12/01/37,0.24325429295330936
2020/05/19/12/01/38,0.2156967090748458
2020/05/19/12/01/39,0.2062926712603992
2020/05/19/12/01/40,0.20795892766064245
2020/05/19/12/01/40,0.20579907736893804
2020/05/19/12/01/41,0.2173111556647397
2020/05/19/12/01/45,0.20220979176839413
2020/05/19/12/01/46,0.1962687658308514
2020/05/19/12/01/47,0.2208072888448941
2020/05/19/12/01/48,0.20442976619446648
2020/05/19/12/01/49,0.20254928171726447
2020/05/19/12/01/50,0.20481771310261887
2020/05/19/12/01/50,0.30991750971712323
2020/05/19/12/01/51,0.33692652720809096
2020/05/19/12/01/52,0.30912382317694004
2020/05/19/12/01/53,0.27249324728480623
2020/05/19/12/01/54,0.26145826323085475
2020/05/19/12/01/55,0.2426990739162947
2020/05/19/12/01/56,0.2325032286580347
2020/05/19/12/01/57,0.2256572652225153
2020/05/19/12/01/58,0.23114279938562804
2020/05/19/12/01/59,0.2498781058359126
2020/05/19/12/02/00,0.1797750173080498
2020/05/19/12/02/00,0.221489982504246
2020/05/19/12/02/01,0.2510480733543749
2020/05/19/12/09/11,0.2526146655392525
2020/05/19/12/09/12,0.21867296657885188
2020/05/19/12/09/12,0.1890992353840284
2020/05/19/12/09/17,0.3082515292573628
2020/05/19/12/09/18,0.18723244016185395
2020/05/19/12/09/19,0.17731643501824962
2020/05/19/12/09/20,0.17366251226396154
2020/05/19/12/09/20,0.2934142706536709
2020/05/19/12/09/25,0.41491419077062747
2020/05/19/12/09/26,0.3030037351924843
2020/05/19/12/09/27,0.2784724033093538
2020/05/19/12/09/30,0.3042664024236368
2020/05/19/12/09/31,0.3582242375634225
2020/05/19/12/09/31,0.2952161812389917
2020/05/19/12/09/32,0.3158202262615035
2020/05/19/12/09/37,0.29421209323238184
2020/05/19/12/09/38,0.29476713957385553
2020/05/19/12/09/39,0.2804229612255678
2020/05/19/12/09/40,0.289868443874974
2020/05/19/12/09/41,0.2884157515592991
2020/05/19/12/09/43,0.3125069244201937
2020/05/19/12/09/44,0.2966900256098132
2020/05/19/12/09/44,0.3554319098218169
2020/05/19/12/09/45,0.3057008859595993
2020/05/19/12/09/46,0.3011462707849952
2020/05/19/12/09/47,0.3031324894165811
2020/05/19/12/09/48,0.2912963284265278
2020/05/19/12/09/49,0.2794445875881553
2020/05/19/12/09/50,0.3143275063136098
2020/05/19/12/09/51,0.3206202111943888
2020/05/19/12/09/52,0.3021888656702657
2020/05/19/12/09/52,0.3007514925515181
2020/05/19/12/09/53,0.33023050493551703
2020/05/19/12/09/54,0.3430537593947919
2020/05/19/12/09/56,0.3608030091448445
2020/05/19/12/09/57,0.24534100134514075
2020/05/19/12/09/57,0.3834435474191217
2020/05/19/12/09/58,0.2325488298671099
2020/05/19/12/09/59,0.4115269175550207
2020/05/19/12/10/00,0.2788056315388955
2020/05/19/16/25/15,0.2851106197678967
2020/05/19/16/25/16,0.2947915180542148
2020/05/19/16/25/17,0.2993001220572753
2020/05/19/16/25/18,0.2900316894660038
2020/05/19/16/25/19,0.29555474228923384
2020/05/19/16/25/20,0.2873929395511408
2020/05/19/16/25/21,0.2905417658532469
2020/05/19/16/25/22,0.2865446238634491
2020/05/19/16/25/23,0.3043133917283232
2020/05/19/16/25/24,0.3032274791892449
2020/05/19/16/25/25,0.2946542245941213
2020/05/19/16/25/26,0.2988368271657649
2020/05/19/16/25/27,0.3004962348328604
2020/05/19/16/25/28,0.29320373662710336
2020/05/19/16/25/29,0.3003316199974319
2020/05/19/16/25/30,0.2978789829101285
2020/05/19/16/25/31,0.29541673757206005
2020/05/19/16/25/32,0.2968842966980884
2020/05/19/16/25/33,0.2962269681993173
2020/05/19/16/25/34,0.2990895094462032
2020/05/19/16/25/35,0.2835096407900104
2020/05/19/16/25/36,0.3016585006174692
2020/05/19/16/25/37,0.2879111826044566
2020/05/19/16/25/38,0.2922002014914326
2020/05/19/16/25/39,0.2907816529458116
2020/05/19/16/25/40,0.28968609264629314
2020/05/19/16/25/41,0.2850501611077227
2020/05/19/16/25/42,0.2944411819632873
2020/05/19/16/25/43,0.28086460938899976
2020/05/19/16/25/44,0.2903006821701113
2020/05/19/16/25/45,0.278283600398234
2020/05/19/16/25/46,0.289894959370304
2020/05/19/16/25/47,0.28040275242140883
2020/05/19/16/25/48,0.2822818480861417
2020/05/19/16/25/49,0.28394377810632226
2020/05/19/16/25/50,0.2795642653161398
2020/05/19/16/25/51,0.2844057051130423
2020/05/19/16/25/52,0.2856350232255871
2020/05/19/16/25/53,0.2968715002757697
2020/05/19/16/25/54,0.3046957761445079
2020/05/19/16/25/55,0.30099507973706124
2020/05/19/16/25/56,0.3052148109740253
2020/05/19/16/25/57,0.31482147657683474
2020/05/19/16/25/58,0.3042220604436967
2020/05/19/16/25/59,0.3115180173461876
2020/05/19/16/26/01,0.3188427403281461
2020/05/19/16/26/02,0.3160568877064895
2020/05/19/16/26/03,0.3126398654083465
2020/05/19/16/26/04,0.3054800784007521
2020/05/19/16/26/05,0.2938817877515471
2020/05/19/16/26/06,0.2939452746900059
2020/05/19/16/26/07,0.2896058908010293
2020/05/19/16/26/08,0.2806141812991453
2020/05/19/16/26/09,0.2869322410898717
2020/05/19/16/26/10,0.2779849378605293
2020/05/19/16/26/13,0.2779235589172829
2020/05/19/16/26/14,0.2779040875437205
2020/05/19/16/26/15,0.2960821722617269
2020/05/19/16/26/16,0.2946773753360933
2020/05/19/16/26/17,0.26390885038569417
2020/05/19/16/26/18,0.2608354687343669
2020/05/19/16/26/19,0.2646388234655964
2020/05/19/16/26/20,0.2775999756814428
2020/05/19/16/26/21,0.2909273568243063
2020/05/19/16/26/22,0.2802257087674751
2020/05/19/16/26/23,0.279601577485924
2020/05/19/16/26/24,0.28009036681752597
2020/05/19/16/26/25,0.2816363568573786
2020/05/19/16/26/26,0.2794169427696976
2020/05/19/16/26/27,0.2702281110608024
2020/05/19/16/26/28,0.28299112291530903
2020/05/19/16/26/29,0.2773505175268089
2020/05/19/16/26/30,0.26608694572969577
2020/05/19/16/26/31,0.2816646456144087
2020/05/19/16/26/32,0.3132378499913769
2020/05/19/16/26/33,0.3099135676594396
2020/05/19/16/26/34,0.31321144440456344
2020/05/19/16/26/35,0.32526048425221016
2020/05/19/16/26/58,0.3300357319392224
2020/05/19/16/26/59,0.2949479383324851
2020/05/19/16/27/00,0.297144592826979
2020/05/19/16/27/01,0.3090915489654681
2020/05/19/16/27/02,0.34997756073257663
2020/05/19/16/27/03,0.3588474080943351
2020/05/19/16/27/04,0.3526840567202641
2020/05/19/16/27/05,0.3713970115911159
2020/05/19/16/27/06,0.3496306847374421
2020/05/19/16/27/07,0.34455594702279924
2020/05/19/16/27/08,0.3280508001408088
2020/05/19/16/27/09,0.3286142819954109
2020/05/19/16/27/10,0.31286969866199205
2020/05/19/16/27/11,0.3051837600885872
2020/05/19/16/27/12,0.29766678905963223
2020/05/19/16/27/13,0.317099695283952
2020/05/19/16/27/14,0.31767040233595045
2020/05/19/16/27/15,0.30236449773093466
2020/05/19/16/27/16,0.30370225756333
2020/05/19/16/27/17,0.3165648096664805
2020/05/19/16/27/18,0.3076910020724753
2020/05/19/16/27/19,0.3129559224329224
2020/05/19/16/27/20,0.3056154607012911
2020/05/19/16/27/21,0.3103181512694063
2020/05/19/16/27/22,0.3174300898193533
2020/05/19/16/27/23,0.319610110263353
2020/05/19/16/27/24,0.3110032126057812
2020/05/19/16/27/25,0.30825401350917403
2020/05/19/16/27/26,0.32441281025461843
2020/05/19/16/27/27,0.3049020314494868
2020/05/19/16/27/28,0.3117019831442117
2020/05/19/16/27/29,0.31526714804618217
2020/05/19/16/27/30,0.3387704776825365
2020/05/19/16/27/31,0.34941424250126346
2020/05/19/16/27/32,0.370541798100512
2020/05/19/16/27/33,0.3650900227545635
2020/05/19/16/27/34,0.3635804039685048
2020/05/19/16/27/35,0.3631705002006592
2020/05/19/16/27/36,0.3678518028495734
2020/05/19/16/27/37,0.3777095542063249
2020/05/19/16/27/38,0.4057830959855352
2020/05/19/16/27/39,0.41464047656144776
2020/05/19/16/27/40,0.41313486868969856
2020/05/19/16/27/41,0.4164888322730834
2020/05/19/16/27/43,0.4124532624108949
2020/05/19/16/27/44,0.4176245861269393
2020/05/19/16/27/45,0.413093621858528
2020/05/19/16/27/46,0.42380598071419867
2020/05/19/16/27/47,0.4308013298538867
2020/05/19/16/27/48,0.4363513632482176
2020/05/19/16/27/49,0.4837488520222288
2020/05/19/16/27/50,0.4171061732483738
2020/05/19/16/27/51,0.4451629387177085
2020/05/19/16/27/52,0.4363694981738882
2020/05/19/16/27/53,0.4354100227722744
2020/05/19/16/27/54,0.42628411417435297
2020/05/19/16/27/55,0.43930343983252784
2020/05/19/16/27/57,0.4588268255756418
2020/05/19/16/27/58,0.4606910211758834
2020/05/19/16/27/59,0.4464102757724768
2020/05/19/16/28/00,0.4547576216373984
2020/05/19/16/28/01,0.4611538788547637
2020/05/19/16/28/02,0.4631590205802312
2020/05/19/16/28/03,0.4636765061373671
2020/05/19/16/28/04,0.4642110000251321
2020/05/19/16/28/05,0.4551147684302305
2020/05/19/16/28/06,0.4630354114753713
2020/05/19/16/28/07,0.462736793896293
2020/05/19/16/28/08,0.4717385064661001
2020/05/19/16/28/09,0.4664451086712949
2020/05/19/16/28/10,0.4578120062469637
2020/05/19/16/28/11,0.4571887557077786
2020/05/19/16/28/12,0.4546570507497379
2020/05/19/16/28/13,0.4549908757668993
2020/05/19/16/28/14,0.4594264362847705
2020/05/19/16/28/15,0.4531580815863952
2020/05/19/16/28/16,0.4527369952785907
2020/05/19/16/28/17,0.4694819126891319
2020/05/19/16/28/18,0.4691247969493873
2020/05/19/16/28/19,0.4706498939652652
2020/05/19/16/28/20,0.4504838383886365
2020/05/19/16/28/21,0.4577515711140739
2020/05/19/16/28/22,0.4591039747199589
2020/05/19/16/28/23,0.4741556391100334
2020/05/19/16/28/24,0.4669826985017106
2020/05/19/16/28/25,0.42717270138031066
2020/05/19/16/28/26,0.4124335687000816
2020/05/19/16/28/27,0.4514084616397866
2020/05/19/16/28/28,0.4510493413329035
2020/05/19/16/28/29,0.4561674578395542
2020/05/19/16/28/30,0.4506102848812702
2020/05/19/16/28/31,0.4530285108987808
2020/05/19/16/28/32,0.40735656545817217
2020/05/19/16/28/33,0.4377116437275657
2020/05/19/16/28/34,0.4348582038107523
2020/05/19/16/28/35,0.4300914093174639
2020/05/19/16/28/36,0.4329191807644903
2020/05/19/16/28/37,0.4237022421044765
2020/05/19/16/28/38,0.4160030346212981
2020/05/19/16/28/39,0.4244768145509301
2020/05/19/16/28/40,0.4218988697758662
2020/05/19/16/28/41,0.4115938697841923
2020/05/19/16/28/42,0.4085332788292488
2020/05/19/16/28/43,0.4277714812881348
2020/05/19/16/28/44,0.4186572934275625
2020/05/19/16/28/45,0.42044787850654136
2020/05/19/16/28/46,0.4191514846386982
2020/05/19/16/28/47,0.4232053769708112
2020/05/19/16/28/48,0.40859664794962935
2020/05/19/16/28/49,0.4058964890532389
2020/05/19/16/28/50,0.4092236793437801
2020/05/19/16/28/51,0.4242531671033601
2020/05/19/16/28/52,0.4137965937242255
2020/05/19/16/28/53,0.4044043760474025
2020/05/19/16/28/54,0.39402130954772857
2020/05/19/16/28/55,0.4022981338633807
2020/05/19/16/28/56,0.4069148779178111
2020/05/19/16/28/57,0.3981430264359053
2020/05/19/16/28/58,0.3805702154854179
2020/05/19/16/28/59,0.3875660684328845
2020/05/19/16/29/00,0.3923042222205321
2020/05/19/16/29/01,0.37969521420499897
2020/05/19/16/29/02,0.3921623447646444
2020/05/19/16/29/03,0.3774129397355328
2020/05/19/16/29/04,0.391767354640444
2020/05/19/16/29/05,0.3718283723470924
2020/05/19/16/29/06,0.3629247406970314
2020/05/19/16/29/07,0.3668367958199076
2020/05/19/16/29/08,0.3712135967561677
2020/05/19/16/29/09,0.3720796620900971
2020/05/19/16/29/10,0.3723463965162409
2020/05/19/16/29/11,0.3580166175425591
2020/05/19/16/29/12,0.349198994470013
2020/05/19/16/29/13,0.3421023787495701
2020/05/19/16/29/14,0.34006743801433725
2020/05/19/16/29/15,0.3302754619775309
2020/05/19/16/29/16,0.3215207902949735
2020/05/19/16/29/17,0.3051499195442305
2020/05/19/16/29/18,0.3170673641674321
2020/05/19/16/29/19,0.31031636672882545
2020/05/19/16/29/20,0.30464897659338275
2020/05/19/16/29/21,0.31782018739735657
2020/05/19/16/29/22,0.3009772712443455
2020/05/19/16/29/23,0.3174073974246789
2020/05/19/16/29/24,0.31093748639966995
2020/05/19/16/29/25,0.3147719340282331
2020/05/19/16/29/26,0.3113323164994679
2020/05/19/16/29/27,0.3057311232374141
2020/05/19/16/29/28,0.3099894031986645
2020/05/19/16/29/29,0.3078311834409737
2020/05/19/16/29/30,0.3097233845212026
2020/05/19/16/29/31,0.3072371353105535
2020/05/19/16/29/32,0.3061872078294557
2020/05/19/16/29/33,0.30524065122424515
2020/05/19/16/29/34,0.2951458241771983
2020/05/19/16/29/35,0.3048868577550455
2020/05/19/16/29/36,0.3122617982844212
2020/05/19/16/29/37,0.30730831171800604
2020/05/19/16/29/38,0.2957956457429716
2020/05/19/16/29/39,0.30712996907941303
2020/05/19/16/29/40,0.3015532025935992
2020/05/19/16/29/41,0.29234536414079904
2020/05/19/16/29/42,0.3121965170238562
2020/05/19/16/29/43,0.2963838950852363
2020/05/19/16/29/44,0.3011124082915565
2020/05/19/16/29/45,0.29729357593110595
2020/05/19/16/29/46,0.3019571087803016
2020/05/19/16/29/47,0.2945856273739319
2020/05/19/16/29/49,0.29895867135842186
2020/05/19/16/29/50,0.29228687437705275
2020/05/19/16/29/51,0.2885535985947357
2020/05/19/16/31/37,0.2688059090380498
2020/05/19/16/31/38,0.2745120066102954
2020/05/19/16/31/39,0.2740079755638661
2020/05/19/16/31/40,0.2803166750387649
2020/05/19/16/31/41,0.2813479645205688
2020/05/19/16/31/42,0.2765195399218662
2020/05/19/16/31/43,0.2841362332029652
2020/05/19/16/31/44,0.2745089216012054
2020/05/19/16/31/45,0.2784825836436042
2020/05/19/16/31/46,0.2840909201834891
2020/05/19/16/31/47,0.2663586440642028
2020/05/19/16/31/49,0.2760009635036011
2020/05/19/16/31/50,0.2813470114465665
2020/05/19/16/31/51,0.2690437951878965
2020/05/19/16/31/52,0.27589160655768064
2020/05/19/16/31/53,0.303422896180979
2020/05/19/16/31/54,0.2933207931735594
2020/05/19/16/31/55,0.2682061297673493
2020/05/19/16/31/56,0.28316214242570625
2020/05/19/16/31/57,0.3022119724927407
2020/05/19/16/31/58,0.2960182386563361
2020/05/19/16/31/59,0.2969754468587402
2020/05/19/16/32/00,0.2904375992456638
2020/05/19/16/32/01,0.2990855422801602
2020/05/19/16/32/02,0.29857377434895266
2020/05/19/16/32/03,0.2886335435680505
2020/05/19/16/32/04,0.29280668610767663
2020/05/19/16/32/05,0.2801883002284284
2020/05/19/16/32/06,0.2769674562168576
2020/05/19/16/32/07,0.27546194652482325
2020/05/19/16/32/08,0.2952207778444811
2020/05/19/16/32/10,0.2992109822719932
2020/05/19/16/32/11,0.2955818159393605
2020/05/20/08/30/59,0.4076988670661023
2020/05/20/08/31/00,0.4015703153066711
2020/05/20/08/31/01,0.5047292364514694
2020/05/20/08/31/02,0.504839886070536
2020/05/20/08/31/02,0.4399013124503413
2020/05/20/08/31/03,0.497191304048302
2020/05/20/08/31/04,0.5020687110573506
2020/05/20/08/31/05,0.4768927611825523
2020/05/20/08/31/06,0.4862017927077456
2020/05/20/08/31/07,0.4876455428339386
2020/05/20/08/31/07,0.4870074977745866
2020/05/20/08/31/08,0.4711850529266425
2020/05/20/08/31/09,0.4712391790112265
2020/05/20/08/31/10,0.4796353410361753
2020/05/20/08/31/11,0.4289192644992924
2020/05/20/08/31/11,0.4170601100331455
2020/05/20/08/31/12,0.4628287159934821
2020/05/20/08/31/13,0.4279430465678885
2020/05/20/08/31/14,0.4626599526070779
2020/05/20/08/31/14,0.4448666977686143
2020/05/20/08/31/15,0.4467661751758695
2020/05/20/08/31/16,0.4558967031453946
2020/05/20/08/31/17,0.4908920208637451
2020/05/20/08/31/18,0.4773375654789576
2020/05/20/08/35/54,0.5649464006197061
2020/05/20/08/35/55,0.4630619540322497
2020/05/20/08/35/56,0.4552189557563662
2020/05/20/08/35/56,0.4714203630958066
2020/05/20/08/35/57,0.4942700949643515
2020/05/20/08/35/58,0.4994159087971476
2020/05/20/08/35/59,0.5119223098560058
2020/05/20/08/35/59,0.4841637885717158
2020/05/20/08/36/00,0.5071941437426546
2020/05/20/08/36/01,0.4729254575512757
2020/05/20/08/36/02,0.5064690489152939
2020/05/20/08/36/02,0.449615342945098
2020/05/20/08/36/03,0.4361881819660121
2020/05/20/08/36/04,0.4481896685120912
2020/05/20/08/36/05,0.4191534584904859
2020/05/20/08/36/06,0.4719016562264147
2020/05/20/08/36/07,0.4627146983168024
2020/05/20/08/36/07,0.4455050805288317
2020/05/20/08/36/08,0.4658159203220946
2020/05/20/08/36/09,0.4666706274528679
2020/05/20/08/36/10,0.4536558925961752
2020/05/20/08/36/10,0.4843727190353994
2020/05/20/08/36/11,0.4685138228569291
2020/05/20/08/36/12,0.4608772827108389
2020/05/20/08/36/13,0.4890747753571569
2020/05/20/08/36/13,0.4589388549997182
2020/05/20/08/36/14,0.4888204662328512
2020/05/20/08/36/15,0.4801074740170162
2020/05/20/08/36/16,0.4066816405289578
2020/05/20/08/36/16,0.4405965549665708
2020/05/20/08/36/17,0.44679344758021977
2020/05/20/08/36/18,0.4437509593212686
2020/05/20/08/36/19,0.4736473903414134
2020/05/20/08/36/20,0.5033980993345906
2020/05/20/08/36/20,0.4280903640868675
2020/05/20/08/36/21,0.46303485153902896
2020/05/20/08/36/22,0.4726649392847839
2020/05/20/08/36/23,0.4931898792763578
2020/05/20/08/36/23,0.4486186683401469
2020/05/20/08/36/24,0.5018454014130725
2020/05/20/08/36/25,0.4862936988852262
2020/05/20/08/36/26,0.4900504066075858
2020/05/20/08/36/26,0.4661104025179236
2020/05/20/08/38/43,0.4812900181721782
2020/05/20/08/38/45,0.4924782180657852
2020/05/20/08/38/45,0.5019635244999274
2020/05/20/08/38/46,0.4160498987434663
2020/05/20/08/38/47,0.3746266915189627
2020/05/20/08/38/48,0.40527098241892895
2020/05/20/08/38/48,0.42140666506103797
2020/05/20/08/38/49,0.4465268377953506
2020/05/20/08/38/50,0.4428470151511976
2020/05/20/08/38/51,0.4367072345562228
2020/05/20/08/38/52,0.4205037326514086
2020/05/20/08/38/52,0.4370318398549689
2020/05/20/08/38/53,0.4740695432275997
2020/05/20/08/38/54,0.4654852343665538
2020/05/20/08/38/55,0.4588069154046047
2020/05/20/08/38/55,0.422093912094925
2020/05/20/08/38/56,0.4509467818691555
2020/05/20/08/38/57,0.4906019314118673
2020/05/20/08/38/58,0.481011156606704
2020/05/20/08/38/58,0.4812763776308422
2020/05/20/08/38/59,0.4783815196760133
2020/05/20/08/39/00,0.42882695034142304
2020/05/20/08/39/01,0.4067374605917397
2020/05/20/08/39/01,0.4033796591622326
2020/05/20/08/39/02,0.3897029083672871
2020/05/20/08/39/03,0.4298005731336778
2020/05/20/08/39/04,0.3912677044460937
2020/05/20/08/39/04,0.43790179003520624
2020/05/20/08/39/05,0.4493701686697895
2020/05/20/08/39/06,0.44743890555459337
2020/05/20/08/39/07,0.44876821140897466
2020/05/20/08/39/07,0.4214927070044235
2020/05/20/08/39/08,0.4226776498362521
2020/05/20/08/39/09,0.4717783814283436
2020/05/20/08/39/10,0.4848223107015866
2020/05/20/08/39/10,0.4669995156321472
2020/05/20/08/39/11,0.4259780866597488
2020/05/20/08/39/12,0.41948902736667226
2020/05/20/08/39/13,0.4571156770280401
2020/05/20/08/39/14,0.4101131534977577
2020/05/20/08/39/14,0.4989623516844255
2020/05/20/08/39/15,0.4635720795311746
2020/05/20/08/39/16,0.4586495812662682
2020/05/20/08/39/17,0.4480366665457007
2020/05/20/08/39/18,0.4322376069750817
2020/05/20/08/39/19,0.4694047334989142
2020/05/20/08/39/20,0.3980731349996517
2020/05/20/08/39/20,0.4557656237074331
2020/05/20/08/39/21,0.4258581357220966
2020/05/20/08/39/22,0.4813234392865056
2020/05/20/08/39/23,0.4676609864987626
2020/05/20/08/39/23,0.4362705316504135
2020/05/20/08/39/24,0.4140582835501498
2020/05/20/08/39/25,0.4304523926915495
2020/05/20/08/39/26,0.4510547069354578
2020/05/20/08/39/27,0.4826908236424224
2020/05/20/08/39/28,0.4512160873848318
2020/05/20/08/39/29,0.4539059620506312
2020/05/20/08/39/30,0.4031802219543916
2020/05/20/08/39/30,0.44925461317595067
2020/05/20/08/39/31,0.4515197796142997
2020/05/20/12/42/40,0.3707433028518247
2020/05/20/12/42/41,0.3693218109677917
2020/05/20/12/42/42,0.3026868729364667
2020/05/20/12/42/43,0.29446494397382417
2020/05/20/12/42/44,0.3083256349281013
2020/05/20/12/42/45,0.2745003452219341
2020/05/20/12/42/46,0.27882716675558616
2020/05/20/12/42/47,0.29777154386166965
2020/05/20/12/42/48,0.31142957776784663
2020/05/20/12/42/49,0.3054390073721251
2020/05/20/12/42/50,0.2795070507160806
2020/05/20/12/42/51,0.2831591777080096
2020/05/20/12/42/52,0.3149632596442524
2020/05/20/12/42/52,0.3076070606581892
2020/05/20/12/42/53,0.2783359111492366
2020/05/20/12/42/54,0.28355865506101635
2020/05/20/12/42/55,0.28006356573926816
2020/05/20/12/42/56,0.2820591159383615
2020/05/20/12/42/57,0.28787955584032504
2020/05/20/12/42/58,0.2857480208949367
2020/05/20/12/42/59,0.3044171901483361
2020/05/20/12/43/00,0.2861280298957451
2020/05/20/12/43/01,0.2672119655320724
2020/05/20/12/43/02,0.3063408250741181
2020/05/20/12/43/03,0.30794053792724396
2020/05/20/12/43/04,0.29284267748495924
2020/05/20/12/43/05,0.27420024170145224
2020/05/20/12/43/06,0.2883303008659353
2020/05/20/12/43/07,0.29438425918053074
2020/05/20/12/43/08,0.2831641489852354
2020/05/20/12/43/09,0.2700846581055538
2020/05/20/12/43/10,0.2864794259533179
2020/05/20/12/43/11,0.2874942078217259
2020/05/20/12/43/12,0.3725084812501657
2020/05/20/12/51/50,0.2688059090380498
2020/05/20/12/51/51,0.2745120066102954
2020/05/20/12/51/52,0.2740079755638661
2020/05/20/12/51/53,0.2803166750387649
2020/05/20/12/51/54,0.2813479645205688
2020/05/20/12/51/55,0.2765195399218662
2020/05/20/12/51/56,0.2841362332029652
2020/05/20/12/51/57,0.2745089216012054
2020/05/20/12/51/58,0.2784825836436042
2020/05/20/12/51/59,0.2840909201834891
2020/05/20/12/52/00,0.2663586440642028
2020/05/20/12/52/01,0.2760009635036011
2020/05/20/12/52/02,0.2813470114465665
2020/05/20/12/52/03,0.2690437951878965
2020/05/20/12/52/04,0.27589160655768064
2020/05/20/12/52/05,0.303422896180979
2020/05/20/12/52/06,0.2933207931735594
2020/05/20/12/56/06,0.2688059090380498
2020/05/20/12/56/07,0.2745120066102954
2020/05/20/12/56/08,0.2740079755638661
2020/05/20/12/56/09,0.2803166750387649
2020/05/20/12/56/10,0.2813479645205688
2020/05/20/12/56/11,0.2765195399218662
2020/05/20/12/56/12,0.2841362332029652
2020/05/20/12/56/13,0.2745089216012054
2020/05/20/12/56/14,0.2784825836436042
2020/05/20/12/56/15,0.2840909201834891
2020/05/20/12/56/16,0.2663586440642028
2020/05/20/12/56/17,0.2760009635036011
2020/05/20/12/56/18,0.2813470114465665
2020/05/20/12/56/19,0.2690437951878965
2020/05/20/12/56/20,0.27589160655768064
2020/05/20/12/56/21,0.303422896180979
2020/05/20/12/56/22,0.2933207931735594
2020/05/20/12/56/23,0.2682061297673493
2020/05/20/12/56/24,0.28316214242570625
2020/05/20/12/56/25,0.3022119724927407
2020/05/20/12/56/26,0.2960182386563361
2020/05/20/12/56/27,0.2969754468587402
2020/05/20/12/56/28,0.2904375992456638
2020/05/20/13/05/22,0.3862094003772497
2020/05/20/13/05/23,0.3071608212754825
2020/05/20/13/05/24,0.2981075446012729
2020/05/20/13/05/24,0.3089524153216626
2020/05/20/13/05/25,0.2988668842509057
2020/05/20/13/05/25,0.3034114644673913
2020/05/20/13/05/26,0.2983844387826673
2020/05/20/13/05/26,0.2938221031038252
2020/05/20/13/05/27,0.3030390131224569
2020/05/20/13/05/28,0.3105948348325284
2020/05/20/13/05/28,0.31257986548546124
2020/05/20/13/05/29,0.31452149526277656
2020/05/20/13/05/29,0.3105237100817837
2020/05/20/13/05/30,0.3074580939263549
2020/05/20/13/05/31,0.30470509903728005
2020/05/20/13/05/31,0.30067957477106355
2020/05/20/13/05/32,0.30840959484231123
2020/05/20/13/05/32,0.2796002678955416
2020/05/20/13/05/33,0.2990822912592333
2020/05/20/13/05/33,0.3088143619287768
2020/05/20/13/05/34,0.30022685475539457
2020/05/20/13/05/35,0.2892878054663268
2020/05/20/13/05/35,0.2645649070438085
2020/05/20/13/05/36,0.2889723688039486
2020/05/20/13/05/36,0.2874987131279448
2020/05/20/13/05/37,0.2925817520372513
2020/05/20/13/05/37,0.2855102977007935
2020/05/20/13/05/38,0.2936764879133437
2020/05/20/13/05/39,0.29228136039282515
2020/05/20/13/05/39,0.26854030616879143
2020/05/20/13/05/40,0.27696747179761033
2020/05/20/13/05/40,0.29623771552031924
2020/05/20/13/05/41,0.35688399095609874
2020/05/20/13/05/45,0.4521788290778976
2020/05/20/13/05/46,0.3526345769516433
2020/05/20/13/05/47,0.33505026192456644
2020/05/20/13/05/47,0.3640714068500929
2020/05/20/13/05/48,0.3636742255262109
2020/05/20/13/05/48,0.3615923892175276
2020/05/20/13/05/49,0.3534403644803504
2020/05/20/13/05/49,0.35957688781726577
2020/05/20/13/05/50,0.3725614007405629
2020/05/20/13/05/51,0.386611045861739
2020/05/20/13/05/51,0.3898068578905853
2020/05/20/13/05/52,0.4419009116064748
2020/05/20/13/07/26,0.3787871965542117
2020/05/20/13/07/26,0.3633250056028983
2020/05/20/13/07/27,0.2963910234950912
2020/05/20/13/07/27,0.2913904478452973
2020/05/20/13/07/28,0.30670449950291184
2020/05/20/13/07/28,0.2746562008554425
2020/05/20/13/07/29,0.27820884168947674
2020/05/20/13/07/29,0.2986729322667804
2020/05/20/13/07/30,0.3070459696890333
2020/05/20/13/07/30,0.2798362290776134
2020/05/20/13/07/31,0.276706696750162
2020/05/20/13/07/31,0.2787516708124725
2020/05/20/13/07/32,0.30256115648246457
2020/05/20/13/07/32,0.2664209565511062
2020/05/20/13/07/33,0.2876787097454378
2020/05/20/13/07/34,0.2820305577726454
2020/05/20/13/07/34,0.2742008777973285
2020/05/20/13/07/35,0.28384733808668144
2020/05/20/13/07/35,0.2798318982557208
2020/05/20/13/07/36,0.2845072589552562
2020/05/20/13/07/36,0.28148459758192323
2020/05/20/13/07/37,0.2573349616661532
2020/05/20/13/07/37,0.2853261246983016
2020/05/20/13/07/38,0.2839548019850656
2020/05/20/13/07/38,0.28900785796322565
2020/05/20/13/07/39,0.2827551743925659
2020/05/20/13/07/40,0.2761668726903433
2020/05/20/13/07/40,0.28652665146948925
2020/05/20/13/07/41,0.2748614830382895
2020/05/20/13/07/41,0.2867379672998267
2020/05/20/13/07/42,0.2760773208980203
2020/05/20/13/07/42,0.28064592904314545
2020/05/20/13/07/43,0.28613006183145123
2020/05/20/13/07/43,0.3314146554143264
2020/05/20/13/07/46,0.34630036578680945
2020/05/20/13/07/47,0.3354224905747015
2020/05/20/13/07/47,0.3495841863930101
2020/05/20/13/07/48,0.3606371241868939
2020/05/20/13/07/49,0.34988523585833164
2020/05/20/13/07/49,0.36550765301187255
2020/05/20/13/07/50,0.3491390165287248
2020/05/20/13/07/50,0.40627780217494935
2020/05/20/13/07/51,0.3739497512407616
2020/05/20/13/07/51,0.3869825168512445
2020/05/20/13/07/52,0.4494682671460002
2020/05/20/13/11/05,0.3787871965542117
2020/05/20/13/11/05,0.3633250056028983
2020/05/20/13/11/06,0.2963910234950912
2020/05/20/13/11/06,0.2913904478452973
2020/05/20/13/11/07,0.30670449950291184
2020/05/20/13/11/08,0.2746562008554425
2020/05/20/13/11/08,0.27820884168947674
2020/05/20/13/11/09,0.2986729322667804
2020/05/20/13/11/09,0.3070459696890333
2020/05/20/13/11/10,0.2798362290776134
2020/05/20/13/11/10,0.27670669675016196
2020/05/20/13/11/11,0.2787516708124725
2020/05/20/13/11/12,0.30256115648246457
2020/05/20/13/11/12,0.2664209565511062
2020/05/20/13/11/13,0.2876787097454378
2020/05/20/13/11/13,0.2820305577726454
2020/05/20/13/11/14,0.2742008777973285
2020/05/20/13/11/14,0.28384733808668144
2020/05/20/13/11/15,0.2798318982557208
2020/05/20/13/11/15,0.2845072589552562
2020/05/20/13/11/16,0.28148459758192323
2020/05/20/13/11/16,0.2573349616661532
2020/05/20/13/11/17,0.2853261246983016
2020/05/20/13/11/17,0.2839548019850656
2020/05/20/13/11/18,0.28900785796322565
2020/05/20/13/11/19,0.2827551743925659
2020/05/20/13/11/19,0.2761668726903433
2020/05/20/13/11/20,0.28652665146948925
2020/05/20/13/11/20,0.2748614830382895
2020/05/20/13/11/21,0.2867379672998267
2020/05/20/13/11/21,0.2760773208980203
2020/05/20/13/11/22,0.28064592904314545
2020/05/20/13/11/22,0.28613006183145123
2020/05/20/13/11/23,0.3314146554143264
2020/05/20/13/11/26,0.34630036578680945
2020/05/20/13/11/26,0.3354224905747015
2020/05/20/13/11/27,0.3495841863930101
2020/05/20/13/11/28,0.3606371241868939
2020/05/20/13/11/28,0.34988523585833164
2020/05/20/13/11/29,0.36550765301187255
2020/05/20/13/11/29,0.3491390165287248
2020/05/20/13/11/30,0.40627780217494935
2020/05/20/13/11/30,0.3739497512407616
2020/05/20/13/11/31,0.3869825168512445
2020/05/20/13/11/31,0.4494682671460002
2020/05/20/13/13/22,0.3787871965542117
2020/05/20/13/13/23,0.3633250056028983
2020/05/20/13/13/23,0.2963910234950912
2020/05/20/13/13/24,0.2913904478452973
2020/05/20/13/13/24,0.30670449950291184
2020/05/20/13/13/25,0.2746562008554425
2020/05/20/13/13/25,0.27820884168947674
2020/05/20/13/13/26,0.2986729322667804
2020/05/20/13/13/26,0.3070459696890333
2020/05/20/13/13/27,0.2798362290776134
2020/05/20/13/13/27,0.276706696750162
2020/05/20/13/13/28,0.2787516708124725
2020/05/20/13/13/29,0.30256115648246457
2020/05/20/13/13/29,0.2664209565511062
2020/05/20/13/13/30,0.2876787097454378
2020/05/20/13/13/30,0.2820305577726454
2020/05/20/13/13/31,0.2742008777973285
2020/05/20/13/13/31,0.28384733808668144
2020/05/20/13/13/32,0.2798318982557208
2020/05/20/13/13/32,0.2845072589552562
2020/05/20/13/13/33,0.28148459758192323
2020/05/20/13/13/33,0.2573349616661532
2020/05/20/13/13/34,0.2853261246983016
2020/05/20/13/13/34,0.2839548019850656
2020/05/20/13/13/35,0.28900785796322565
2020/05/20/13/13/36,0.2827551743925659
2020/05/20/13/13/36,0.2761668726903433
2020/05/20/13/13/37,0.28652665146948925
2020/05/20/13/13/37,0.2748614830382895
2020/05/20/13/13/38,0.2867379672998267
2020/05/20/13/13/38,0.2760773208980203
2020/05/20/13/13/39,0.28064592904314545
2020/05/20/13/13/39,0.28613006183145123
2020/05/20/13/13/40,0.3314146554143264
2020/05/20/13/13/43,0.34630036578680945
2020/05/20/13/13/44,0.3354224905747015
2020/05/20/13/13/44,0.3495841863930101
2020/05/20/13/13/45,0.3606371241868939
2020/05/20/13/13/45,0.34988523585833164
2020/05/20/13/13/46,0.36550765301187255
2020/05/20/13/13/46,0.3491390165287248
2020/05/20/13/13/47,0.40627780217494935
2020/05/20/13/13/48,0.3739497512407616
2020/05/20/13/13/48,0.3869825168512445
2020/05/20/13/13/49,0.4494682671460002
2020/05/20/13/15/30,0.3787871965542117
2020/05/20/13/15/31,0.3633250056028983
2020/05/20/13/15/31,0.2963910234950912
2020/05/20/13/15/32,0.2913904478452973
2020/05/20/13/15/32,0.30670449950291184
2020/05/20/13/15/33,0.2746562008554425
2020/05/20/13/15/33,0.27820884168947674
2020/05/20/13/15/34,0.2986729322667804
2020/05/20/13/15/35,0.3070459696890333
2020/05/20/13/15/35,0.2798362290776134
2020/05/20/13/15/36,0.27670669675016196
2020/05/20/13/15/36,0.2787516708124725
2020/05/20/13/15/37,0.30256115648246457
2020/05/20/13/15/37,0.2664209565511062
2020/05/20/13/15/38,0.2876787097454378
2020/05/20/13/15/38,0.2820305577726454
2020/05/20/13/15/39,0.2742008777973285
2020/05/20/13/15/39,0.28384733808668144
2020/05/20/13/15/40,0.2798318982557208
2020/05/20/13/15/41,0.2845072589552562
2020/05/20/13/15/41,0.28148459758192323
2020/05/20/13/15/42,0.2573349616661532
2020/05/20/13/15/42,0.2853261246983016
2020/05/20/13/15/43,0.2839548019850656
2020/05/20/13/15/43,0.28900785796322565
2020/05/20/13/15/44,0.2827551743925659
2020/05/20/13/15/44,0.2761668726903433
2020/05/20/13/15/45,0.28652665146948925
2020/05/20/13/15/45,0.2748614830382895
2020/05/20/13/15/46,0.2867379672998267
2020/05/20/13/15/47,0.2760773208980203
2020/05/20/13/15/47,0.28064592904314545
2020/05/20/13/15/48,0.28613006183145123
2020/05/20/13/15/48,0.3314146554143264
2020/05/20/13/15/52,0.34630036578680945
2020/05/20/13/15/52,0.3354224905747015
2020/05/20/13/15/53,0.3495841863930101
2020/05/20/13/15/53,0.3606371241868939
2020/05/20/13/15/54,0.34988523585833164
2020/05/20/13/15/54,0.36550765301187255
2020/05/20/13/15/55,0.3491390165287248
2020/05/20/13/15/55,0.40627780217494935
2020/05/20/13/15/56,0.3739497512407616
2020/05/20/13/15/56,0.3869825168512445
2020/05/20/13/15/57,0.4494682671460002
2020/05/20/13/16/46,0.3787871965542117
2020/05/20/13/16/46,0.3633250056028983
2020/05/20/13/16/47,0.2963910234950912
2020/05/20/13/16/48,0.2913904478452973
2020/05/20/13/16/48,0.30670449950291184
2020/05/20/13/16/49,0.2746562008554425
2020/05/20/13/16/50,0.27820884168947674
2020/05/20/13/16/50,0.2986729322667804
2020/05/20/13/16/51,0.3070459696890333
2020/05/20/13/16/51,0.2798362290776134
2020/05/20/13/16/52,0.276706696750162
2020/05/20/13/16/53,0.2787516708124725
2020/05/20/13/16/53,0.30256115648246457
2020/05/20/13/16/54,0.2664209565511062
2020/05/20/13/16/55,0.2876787097454378
2020/05/20/13/16/55,0.2820305577726454
2020/05/20/13/16/56,0.2742008777973285
2020/05/20/13/16/56,0.28384733808668144
2020/05/20/13/16/57,0.2798318982557208
2020/05/20/13/16/58,0.2845072589552562
2020/05/20/13/16/58,0.28148459758192323
2020/05/20/13/16/59,0.2573349616661532
2020/05/20/13/17/00,0.2853261246983016
2020/05/20/13/17/00,0.2839548019850656
2020/05/20/13/17/01,0.28900785796322565
2020/05/20/13/17/01,0.2827551743925659
2020/05/20/13/17/02,0.2761668726903433
2020/05/20/13/17/03,0.28652665146948925
2020/05/20/13/17/03,0.2748614830382895
2020/05/20/13/17/04,0.2867379672998267
2020/05/20/13/17/05,0.2760773208980203
2020/05/20/13/17/05,0.28064592904314545
2020/05/20/13/17/06,0.28613006183145123
2020/05/20/13/17/07,0.3314146554143264
2020/05/20/13/17/10,0.34630036578680945
2020/05/20/13/17/10,0.3354224905747015
2020/05/20/13/17/11,0.3495841863930101
2020/05/20/13/17/12,0.3606371241868939
2020/05/20/13/17/12,0.34988523585833164
2020/05/20/13/17/13,0.36550765301187255
2020/05/20/13/17/13,0.3491390165287248
2020/05/20/13/17/14,0.40627780217494935
2020/05/20/13/17/15,0.3739497512407616
2020/05/20/13/17/15,0.3869825168512445
2020/05/20/13/17/16,0.4494682671460002
2020/05/20/14/17/01,0.3787871965542117
2020/05/20/14/17/02,0.3633250056028983
2020/05/20/14/17/02,0.2963910234950912
2020/05/20/14/17/03,0.2913904478452973
2020/05/20/14/17/03,0.30670449950291184
2020/05/20/14/17/04,0.2746562008554425
2020/05/20/14/17/05,0.27820884168947674
2020/05/20/14/17/05,0.2986729322667804
2020/05/20/14/17/06,0.3070459696890333
2020/05/20/14/17/06,0.2798362290776134
2020/05/20/14/17/07,0.27670669675016196
2020/05/20/14/17/07,0.2787516708124725
2020/05/20/14/17/08,0.30256115648246457
2020/05/20/14/17/09,0.2664209565511062
2020/05/20/14/17/09,0.2876787097454378
2020/05/20/14/17/10,0.2820305577726454
2020/05/20/14/17/10,0.2742008777973285
2020/05/20/14/17/11,0.28384733808668144
2020/05/20/14/17/12,0.2798318982557208
2020/05/20/14/17/12,0.2845072589552562
2020/05/20/14/17/13,0.28148459758192323
2020/05/20/14/17/13,0.2573349616661532
2020/05/20/14/17/14,0.2853261246983016
2020/05/20/14/17/14,0.2839548019850656
2020/05/20/14/17/15,0.28900785796322565
2020/05/20/14/17/16,0.2827551743925659
2020/05/20/14/17/16,0.2761668726903433
2020/05/20/14/17/17,0.28652665146948925
2020/05/20/14/17/17,0.2748614830382895
2020/05/20/14/17/18,0.2867379672998267
2020/05/20/14/17/18,0.2760773208980203
2020/05/20/14/17/19,0.28064592904314545
2020/05/20/14/17/20,0.28613006183145123
2020/05/20/14/17/20,0.3314146554143264
2020/05/20/14/17/23,0.34630036578680945
2020/05/20/14/17/24,0.3354224905747015
2020/05/20/14/17/25,0.3495841863930101
2020/05/20/14/17/25,0.3606371241868939
2020/05/20/14/17/26,0.34988523585833164
2020/05/20/14/17/26,0.36550765301187255
2020/05/20/14/17/27,0.3491390165287248
2020/05/20/14/17/28,0.40627780217494935
2020/05/20/14/17/28,0.3739497512407616
2020/05/20/14/17/29,0.3869825168512445
2020/05/20/14/17/29,0.4494682671460002
2020/05/20/14/32/47,0.3787871965542117
2020/05/20/14/32/48,0.3633250056028983
2020/05/20/14/32/48,0.2963910234950912
2020/05/20/14/32/49,0.2913904478452973
2020/05/20/14/32/50,0.30670449950291184
2020/05/20/14/32/50,0.2746562008554425
2020/05/20/14/32/51,0.27820884168947674
2020/05/20/14/32/51,0.2986729322667804
2020/05/20/14/32/52,0.3070459696890333
2020/05/20/14/32/52,0.2798362290776134
2020/05/20/14/32/53,0.276706696750162
2020/05/20/14/32/53,0.2787516708124725
2020/05/20/14/32/54,0.30256115648246457
2020/05/20/14/32/55,0.2664209565511062
2020/05/20/14/32/55,0.2876787097454378
2020/05/20/14/32/56,0.2820305577726454
2020/05/20/14/32/56,0.2742008777973285
2020/05/20/14/32/57,0.28384733808668144
2020/05/20/14/32/57,0.2798318982557208
2020/05/20/14/32/58,0.2845072589552562
2020/05/20/14/32/59,0.28148459758192323
2020/05/20/14/32/59,0.2573349616661532
2020/05/20/14/33/00,0.2853261246983016
2020/05/20/14/33/00,0.2839548019850656
2020/05/20/14/33/01,0.28900785796322565
2020/05/20/14/33/02,0.2827551743925659
2020/05/20/14/33/02,0.2761668726903433
2020/05/20/14/33/03,0.28652665146948925
2020/05/20/14/33/03,0.2748614830382895
2020/05/20/14/33/04,0.2867379672998267
2020/05/20/14/33/05,0.2760773208980203
2020/05/20/14/33/05,0.28064592904314545
2020/05/20/14/33/06,0.28613006183145123
2020/05/20/14/33/07,0.3314146554143264
2020/05/20/14/33/10,0.34630036578680945
2020/05/20/14/33/11,0.3354224905747015
2020/05/20/14/33/11,0.3495841863930101
2020/05/20/14/33/12,0.3606371241868939
2020/05/20/14/33/12,0.34988523585833164
2020/05/20/14/33/13,0.36550765301187255
2020/05/20/14/33/14,0.3491390165287248
2020/05/20/14/33/14,0.40627780217494935
2020/05/20/14/33/15,0.3739497512407616
2020/05/20/14/33/15,0.3869825168512445
2020/05/20/14/33/16,0.4494682671460002
2020/05/20/14/52/25,0.3787871965542117
2020/05/20/14/52/25,0.3633250056028983
2020/05/20/14/52/26,0.2963910234950912
2020/05/20/14/52/27,0.2913904478452973
2020/05/20/14/52/27,0.30670449950291184
2020/05/20/14/52/28,0.2746562008554425
2020/05/20/14/52/28,0.27820884168947674
2020/05/20/14/53/26,0.5147729075879875
2020/05/20/14/53/27,0.5659560772041149
2020/05/20/14/53/27,0.5635000022503884
2020/05/20/14/53/28,0.5164003231111103
2020/05/20/14/53/28,0.5423900437807054
2020/05/20/14/53/29,0.4048747840840896
2020/05/20/14/53/30,0.404142002969298
2020/05/20/14/53/30,0.3380283253987487
2020/05/20/14/53/31,0.3493384896830617
2020/05/20/14/53/31,0.3042235005527854
2020/05/20/14/53/32,0.301352521959193
2020/05/20/14/53/32,0.28804981909548105
2020/05/20/14/53/33,0.28453986125322017
2020/05/20/14/53/34,0.31865745752600844
2020/05/20/14/53/34,0.2806727227415535
2020/05/20/14/53/35,0.2717153659343449
2020/05/20/14/53/35,0.2878836485826448
2020/05/20/14/53/36,0.2892701773762117
2020/05/20/14/53/37,0.2755031702259564
2020/05/20/14/53/37,0.2806711522114084
2020/05/20/14/53/38,0.2628261998740144
2020/05/20/14/53/38,0.2962113421432276
2020/05/20/14/53/39,0.28396484912375364
2020/05/20/14/53/39,0.2905965186778899
2020/05/20/14/53/40,0.2807901198281495
2020/05/20/14/53/41,0.2716812629470441
2020/05/20/14/53/41,0.2800228089073711
2020/05/20/14/53/42,0.2838960479437228
2020/05/20/14/53/42,0.2767212777083329
2020/05/20/14/53/43,0.29084372029530925
2020/05/20/14/53/44,0.2726757816884523
2020/05/20/14/53/44,0.2791216949976118
2020/05/20/14/53/45,0.2743425855804346
2020/05/20/14/53/45,0.2758100962746077
2020/05/20/14/53/46,0.2901355243233275
2020/05/20/14/53/47,0.2748961717011429
2020/05/20/14/53/47,0.2688649621191925
2020/05/20/14/53/48,0.2658749526689249
2020/05/20/14/53/48,0.26771893405881825
2020/05/20/14/53/49,0.2786593136811645
2020/05/20/14/53/49,0.2665928859576599
2020/05/20/14/53/50,0.2805251838011006
2020/05/20/14/53/50,0.27842436951419125
2020/05/20/14/53/51,0.269006725621845
2020/05/20/14/53/52,0.2729256077176476
2020/05/20/14/53/52,0.2734460206710833
2020/05/20/14/53/53,0.2969175670403713
2020/05/20/14/53/53,0.295406862594989
2020/05/20/14/53/54,0.27955721592676386
2020/05/20/14/53/54,0.2838114365692683
2020/05/20/14/53/55,0.29907635127968835
2020/05/20/14/53/55,0.28454904942758696
2020/05/20/14/53/56,0.28693364486059825
2020/05/20/14/53/57,0.2666209235195945
2020/05/20/14/53/57,0.2800141256418752
2020/05/20/14/53/58,0.2620775539133811
2020/05/20/14/53/58,0.26633376115840024
2020/05/20/14/53/59,0.2685783736633082
2020/05/20/14/53/59,0.3022990711677061
2020/05/20/14/54/00,0.3334919193330381
2020/05/20/14/54/01,0.32170186047192256
2020/05/20/14/54/01,0.354882484605899
2020/05/20/14/54/02,0.3976629385092632
2020/05/20/14/54/07,0.3850982385152144
2020/05/20/14/54/08,0.31724081879579885
2020/05/20/14/54/08,0.2626558811560085
2020/05/20/14/54/09,0.2470497975680833
2020/05/20/14/54/09,0.2569119116658507
2020/05/20/14/54/10,0.2412838656436256
2020/05/20/14/54/10,0.2381991342820937
2020/05/20/14/54/11,0.2196894067106709
2020/05/20/14/54/12,0.2356518847497609
2020/05/20/14/54/12,0.2399594508989275
2020/05/20/14/54/13,0.2311271585996625
2020/05/20/14/54/13,0.24025400882029266
2020/05/20/14/54/14,0.2323131207543905
2020/05/20/14/54/14,0.249838829238842
2020/05/20/14/54/15,0.2332758568603663
2020/05/20/14/54/15,0.24310931478274644
2020/05/20/14/54/16,0.23646994494359064
2020/05/20/14/54/17,0.2353283233940301
2020/05/20/14/54/17,0.2289711852257312
2020/05/20/14/54/18,0.2406281192262306
2020/05/20/14/54/18,0.22620105969306525
2020/05/20/14/54/19,0.2319133797743366
2020/05/20/14/54/19,0.2374644031197405
2020/05/20/14/54/20,0.2419682727726989
2020/05/20/14/54/21,0.2438674222410733
2020/05/20/14/54/21,0.24985249079650035
2020/05/20/14/54/22,0.23800424190601704
2020/05/20/14/54/22,0.23682850607991884
2020/05/20/14/54/23,0.24195490773597264
2020/05/20/14/54/23,0.2583902871950496
2020/05/20/14/54/24,0.23889527757524645
2020/05/20/14/54/25,0.24022015520772044
2020/05/20/14/54/25,0.2390595613316209
2020/05/20/14/54/26,0.2494671875310384
2020/05/20/14/54/26,0.2390566080444307
2020/05/20/14/54/27,0.24041432821154884
2020/05/20/14/54/27,0.2903613707959813
2020/05/20/14/54/28,0.3052906197860204
2020/05/20/14/54/28,0.4021818312694707
2020/05/21/10/36/38,0.5147729075879875
2020/05/21/10/36/39,0.5659560772041149
2020/05/21/10/36/39,0.5635000022503884
2020/05/21/10/36/40,0.5164003231111103
2020/05/21/10/36/41,0.5423900437807054
2020/05/21/10/36/41,0.4048747840840896
2020/05/21/10/36/42,0.404142002969298
2020/05/21/10/36/42,0.3380283253987487
2020/05/21/10/36/43,0.3493384896830617
2020/05/21/10/36/43,0.3042235005527854
2020/05/21/10/36/44,0.301352521959193
2020/05/21/10/36/44,0.28804981909548105
2020/05/21/10/36/45,0.28453986125322017
2020/05/21/10/36/46,0.31865745752600844
2020/05/21/10/36/46,0.2806727227415535
2020/05/21/10/36/47,0.2717153659343449
2020/05/21/10/36/47,0.2878836485826448
2020/05/21/10/36/48,0.2892701773762117
2020/05/21/10/36/48,0.2755031702259564
2020/05/21/10/36/49,0.2806711522114084
2020/05/21/10/36/50,0.2628261998740144
2020/05/21/10/36/50,0.2962113421432276
2020/05/21/10/36/51,0.28396484912375364
2020/05/21/10/36/51,0.2905965186778899
2020/05/21/10/36/52,0.2807901198281495
2020/05/21/10/36/52,0.2716812629470441
2020/05/21/10/36/53,0.2800228089073711
2020/05/21/10/36/53,0.2838960479437228
2020/05/21/10/36/54,0.2767212777083329
2020/05/21/10/36/55,0.29084372029530925
2020/05/21/10/36/55,0.2726757816884523
2020/05/21/10/36/56,0.2791216949976118
2020/05/21/10/36/56,0.2743425855804346
2020/05/21/10/36/57,0.2758100962746077
2020/05/21/10/36/57,0.2901355243233275
2020/05/21/10/36/58,0.2748961717011429
2020/05/21/10/36/59,0.2688649621191925
2020/05/21/10/36/59,0.2658749526689249
2020/05/21/10/37/00,0.26771893405881825
2020/05/21/10/37/01,0.2786593136811645
2020/05/21/10/37/01,0.2665928859576599
2020/05/21/10/37/02,0.2805251838011006
2020/05/21/10/37/03,0.27842436951419125
2020/05/21/10/37/03,0.269006725621845
2020/05/21/10/37/04,0.2729256077176476
2020/05/21/10/37/05,0.2734460206710833
2020/05/21/10/37/05,0.2969175670403713
2020/05/21/10/37/06,0.295406862594989
2020/05/21/10/37/06,0.27955721592676386
2020/05/21/10/37/07,0.2838114365692683
2020/05/21/10/37/08,0.29907635127968835
2020/05/21/10/37/08,0.28454904942758696
2020/05/21/10/37/09,0.28693364486059825
2020/05/21/10/37/10,0.2666209235195945
2020/05/21/10/37/10,0.2800141256418752
2020/05/21/10/37/11,0.2620775539133811
2020/05/21/10/37/12,0.26633376115840024
2020/05/21/10/37/12,0.2685783736633082
2020/05/21/10/37/13,0.3022990711677061
2020/05/21/10/37/14,0.3334919193330381
2020/05/21/10/37/14,0.32170186047192256
2020/05/21/10/37/15,0.354882484605899
2020/05/21/10/37/16,0.3976629385092632
2020/05/21/10/37/21,0.3850982385152144
2020/05/21/10/37/21,0.31724081879579885
2020/05/21/10/37/22,0.2626558811560085
2020/05/21/10/37/23,0.2470497975680833
2020/05/21/10/37/23,0.2569119116658507
2020/05/21/10/37/24,0.2412838656436256
2020/05/21/10/37/25,0.2381991342820937
2020/05/21/10/37/25,0.2196894067106709
2020/05/21/10/37/26,0.2356518847497609
2020/05/21/10/37/27,0.2399594508989275
2020/05/21/10/37/27,0.2311271585996625
2020/05/21/10/37/28,0.24025400882029266
2020/05/21/10/37/29,0.2323131207543905
2020/05/21/10/37/29,0.249838829238842
2020/05/21/10/37/30,0.2332758568603663
2020/05/21/10/37/31,0.24310931478274644
2020/05/21/10/37/31,0.23646994494359064
2020/05/21/10/37/32,0.2353283233940301
2020/05/21/10/37/33,0.2289711852257312
2020/05/21/10/37/33,0.2406281192262306
2020/05/21/10/37/34,0.22620105969306525
2020/05/21/10/37/35,0.2319133797743366
2020/05/21/10/37/35,0.2374644031197405
2020/05/21/10/37/36,0.2419682727726989
2020/05/21/10/37/36,0.2438674222410733
2020/05/21/10/37/37,0.24985249079650035
2020/05/21/10/37/38,0.23800424190601704
2020/05/21/10/37/39,0.23682850607991884
2020/05/21/10/37/39,0.24195490773597264
2020/05/21/10/37/40,0.2583902871950496
2020/05/21/10/37/41,0.23889527757524645
2020/05/21/10/37/41,0.24022015520772044
2020/05/21/10/37/42,0.2390595613316209
2020/05/21/10/37/42,0.2494671875310384
2020/05/21/10/37/43,0.2390566080444307
2020/05/21/10/37/44,0.24041432821154884
2020/05/21/10/37/44,0.2903613707959813
2020/05/21/10/37/45,0.3052906197860204
2020/05/21/10/37/46,0.4021818312694707
